tcdb_id,title,soldprice,solddate,seller_name,seller_sales,seller_rating,link,soldprice_fact,solddate_dt,matched_text,match_score,card_id
378186.0,Matthis Abline 2022-23 Topps Chrome UEFA UCC Aqua Lava RC PR:65 SP Stade,$29.95,"Mar 30, 2025",chefscards,3180,100.0,https://www.ebay.com/itm/325775922862?_skw=2022-23+Score+Matthis+Abline&epid=23062151267&itmmeta=01JV1WCRFZYN0N3A920GB1J8Y6&hash=item4bd9c216ae:g:wrYAAOSwt85k251V&itmprp=enc%3AAQAKAAAA4FkggFvd1GGDu0w3yXCmi1cWwQroHv6m29RxGDb5Hdo3%2B2xVy2zDDKtzPKMNyfBaKYwrAURcDXcTFxJC2x23zKtezXdb6UqNNj8OfRSHPBQyw6SkNvQ5u5z8EDTYzbUKRNIi6QthDJZ%2Fr0Wyv7cerSElVcKI%2FpK5zzYNd5s0tyFqIxYLGjuCAFmWlxkxuFITcY%2BN9dB7KEmvktYTI8Vc8898yypJm4FfS0zVaWPEi2HPxijfFFdwSEKg1YR7z%2BTQYR1VtXQjZCBZZ7y%2BRPQ4NWCUG30rjUnqHEzIMN4Bj66F%7Ctkp%3ABk9SR5CIs7zYZQ,29.95,2025-03-30,2022-23 Topps Chrome UEFA Club Competitions - Aqua Refractor #167 Matthis Abline,29.0,21715238.0
378186.0,2022-23 Topps Chrome UEFA Club Competitions /225 Matthis Abline #167 Rookie RC,$3.99,"Mar 23, 2025",comc_consignment,1055664,99.5,https://www.ebay.com/itm/235954388470?_skw=2022-23+Score+Matthis+Abline&epid=6061511133&itmmeta=01JV1WCRG02K842022YG53VDT5&hash=item36effa3df6:g:-xQAAeSwAb5nq9hX&itmprp=enc%3AAQAKAAAA4FkggFvd1GGDu0w3yXCmi1fJckZORMmrolSvuEiSk3SlgidJwyspoajOP06ZYBTYhGmBj21AKug8YdlKfVfRHOsWM6QiAT8FiIhm%2BwNFYGOIZl5CimBWCgRkz%2BiV4IVycOu70SdquLUPN818UzrrLJ4ZRQMQSGF0myK0%2F9Xpbvb5yIvmLa0XKyb7NV70vuXGvq5QxRF3Mxof%2FELK2epG6eONt85NmP8rJJ05IBRH1JIRNL0dYTNEJjRRuWCnZ6h8sIkgoCJeXGBxxAwTmy5l46CWy3%2FFBHikK6kCk3DQPU46%7Ctkp%3ABk9SR5KIs7zYZQ,3.99,2025-03-23,2022-23 Topps Chrome UEFA Club Competitions - Aqua Refractor #167 Matthis Abline,40.0,21715238.0
378186.0,2022-23 Topps UCC Matthis Abline Icy Blue Foil /99 Stade Rennais Rookie RC,$0.99,"Mar 16, 2025",longshotsportscards,636,100.0,https://www.ebay.com/itm/396297855640?_skw=2022-23+Score+Matthis+Abline&epid=9060311475&itmmeta=01JV1WCRG17233ZF892WVD7YD5&hash=item5c45316298:g:wyIAAOSwXQNnzRnV&itmprp=enc%3AAQAKAAABAFkggFvd1GGDu0w3yXCmi1f9VAdagDk7cV%2BKEFj7L8CjqiwvX%2BMbD51YwXsHgZGCLQwdfjKQq8nPPreYaTO4xT3tUi9v3hC3s2%2B3IRlcMwDKpszBQ0Sp15IuSBjgGYV0A6PB1vkX3bBGqqzf1rXIK5kvdutK%2F0C22moEUGflwaL4NyuqONAksszgoWKKD122B0fobY%2BvQCvpIn7fxcZTdgZqR%2B38fLTz9SUA7bjoXms7ajr%2FNe4x9Pwz9bR2g1A56%2F1rsbDZCLvATEOVAFhnMxWQdR3MD0JzBV%2FwmOBtmVENCTfqnvtV5JTJzGz%2B4WR7jhFHfqqVBPuPE6UEoYAoMSg%3D%7Ctkp%3ABk9SR5SIs7zYZQ,0.99,2025-03-16,2022-23 Topps UEFA Club Competitions - Icy Blue Foil #167 Matthis Abline,30.0,21532919.0
378186.0,Matthis Abline 2022-23 Topps Chrome UEFA UCC Yellow Icy Refractor /99 #167,$6.99,"Feb 18, 2025",mjm-autoparts,804,98.7,https://www.ebay.com/itm/135152994505?_skw=2022-23+Score+Matthis+Abline&itmmeta=01JV1WCRG1HW6EE2NEDR344PC2&hash=item1f77bf08c9:g:w~8AAOSw66Fml4dt&itmprp=enc%3AAQAKAAABAFkggFvd1GGDu0w3yXCmi1d0bClI45TpHNn88FYZLZRMyq2243fIGvQGT5PAFZXEUJPX1IE%2FKY7vjV2aT6gfFpnCwJZVnnC2aaBlpKdpl67x7bf0PG%2BvEHdSu1PC9zq4CuBMAu%2BnZigGa3uUME6aVOCdf0Ly9xcUDZMmqqIQV8CxeN99qJMWlkF6GvdA6isQGkkfu66ePhmTEU8ZkTMZ2mH3%2B9AURztBC2cwrrxwqIo0jK%2BgCewiWhwSiicHdpKw%2B5rvPDumr8XfgYekXdcXxaOPCemUfRCgzsa%2Fll6mNvJPeiyk0CkBtLzofXCz252uPH3EueUEKX96uLEpXLphNWs%3D%7Ctkp%3ABk9SR5SIs7zYZQ,6.99,2025-02-18,2022-23 Topps Chrome Sapphire Edition UEFA Club Competitions - Yellow #167 Matthis Abline,43.0,22204336.0
378186.0,2022-23 Topps Chrome UEFA Neon Green Shimmer Refractors #167 Matthis Abline /399,$1.80,"Feb 17, 2025",maver1494,2358,99.9,https://www.ebay.com/itm/405467696849?_skw=2022-23+Topps+Matthis+Abline&epid=7061509616&itmmeta=01JV1WDCSDCRNNYRFVBT2GGZCW&hash=item5e67c20ed1:g:Z2EAAOSwnfRngAWR&itmprp=enc%3AAQAKAAAA4FkggFvd1GGDu0w3yXCmi1e77RVdC4F3Sulz7GlDNw5Rl5rU826j7tH3Mr923jLZhygz%2FJL2YEVZmFVnmvKaF%2FdjV1VajBZIgGXklVb%2BeAm7I8vUx9Hp10gaZAtqvXZn6lpfSBlnwpyNywkDJrTWR1aDK8DNROXUqnl3XlvzCeudoM2fGLI5VZWpb%2Fzai35WGIVtaOPDi%2BcUCbXcwNI28HyOeTECGpP68KCgg8HEoxnFNrI1FpwsQw6qIhNRQNnUmhMZHIoMTvcSJeKCuwtRMkzPmNoSyy8dlG75WNdtxbz8%7Ctkp%3ABk9SR_bMtbzYZQ,1.8,2025-02-17,2022-23 Topps Chrome UEFA Club Competitions - Neon Green Shimmer Refractor #167 Matthis Abline,47.0,21714228.0
334285.0,2022-23 Topps Merlin UEFA - Mohamed Ali Cho RC Green /99 Real Sociedad,$0.99,"Apr 13, 2025",calmatecollectibles,152,99.3,https://www.ebay.com/itm/267212763319?_skw=2022-23+Topps+Mohamed+Ali+Cho&epid=2333398313&itmmeta=01JV1WEBXGTTTGBXWMZ7QR7QGS&hash=item3e371f30b7:g:zQ8AAeSwWjNn80Yb&itmprp=enc%3AAQAKAAABAFkggFvd1GGDu0w3yXCmi1d%2FZZ6uMfFyZgnZgwF%2Fb%2F1ZnAhd28DHBjJXlcX3Ax9yQXxyLVhyW%2BjDIM%2BiMF7YevtcDB8Im3uNv8nzddNs925fVE4hPcNEfr9eMAEnMjJe6DEn2lbgtiYOLgijNrQw9ydF%2BinL%2FDGWd1Rugo9qcsyRG9bOyvjtfR3AUySN6T9OD2JLJng6duwLkb4joqH58CPJm14NP7P2U%2FWG7isJ3GkPRJYRcEJfBrK5lTUS4IgSwPO5dcsHz6Iox%2Fxc%2FVHidMX%2FkwcB60q%2B%2B%2BqDCaN142BS5k9%2F%2BkfqN2VNGMN2mt0KIT9jOt2h8cBxlgs4K7yIGcw%3D%7Ctkp%3ABk9SR4a_ubzYZQ,0.99,2025-04-13,2022-23 Topps UEFA Club Competitions Carnaval Edition - Green #3 Mohamed-Ali Cho,31.0,22283409.0
334285.0,2022-23 Topps Merlin UEFA Green Refractor 41/99 Mohamed Ali Cho #123 Rookie RC,$2.10,"Mar 26, 2025",comc_consignment,1055664,99.5,https://www.ebay.com/itm/236005125986?_skw=2022-23+Topps+Mohamed+Ali+Cho&epid=2333398313&itmmeta=01JV1WEBXG1NTS2QBBNKVAFCVN&hash=item36f3006f62:g:OXIAAeSwQnZn1K-R&itmprp=enc%3AAQAKAAAA4FkggFvd1GGDu0w3yXCmi1eF6M8l4vtq7Qell1744nt82KCzWaFsNCp0TLk2s%2BgVylluaDstWOrDFwJq66XrAL0SRKCTQT7TdFrItLcxYDuYXZ7nTBpUm9HCgCQq%2FUnfCSj1N1A7NDiP%2B4Ec74qYwms6If88H1eBcEg8fjln7Bl%2BBQ%2Bh9B43ZUIBmfwmojCuTLAah8C2O9AAN0rglvW4BJCwTZNNGyQo%2BWX1zL%2FVjk6rXW9VI1XHK60KRBE3klZetKO%2FseUc1u26k2UHnWG8NDmdrx%2BgrBnRB0Dvw3mqxSeO%7Ctkp%3ABk9SR4a_ubzYZQ,2.1,2025-03-26,2022-23 Topps UEFA Club Competitions Carnaval Edition - Green #3 Mohamed-Ali Cho,31.0,22283409.0
334285.0,2022-23 Topps Merlin Chrome UEFA Mohamed Ali Cho RC Orange Refractor /25,$30.00,"Mar 20, 2025",cainga40,49,100.0,https://www.ebay.com/itm/335120771812?_skw=2022-23+Topps+Mohamed+Ali+Cho&epid=23062360075&itmmeta=01JV1WEBXG43F2WHJKPT7609HZ&hash=item4e06c12ae4:g:p~EAAOSwTKJlSPuq&itmprp=enc%3AAQAKAAABAFkggFvd1GGDu0w3yXCmi1fY9Nmn%2F2uf69LzyjymOhwZXYEzumiu6mb%2BkhFhrpCblgTaqfCyr5vOvIolr00pniQ4KGnlNZPs8aVXd%2Bq5tsweHEVSDteBkDqRFg9xKCvjEQtqvy3Druz3UEnGns3a0CX0jmJ9X6kPvBrA%2BvnSdVsgIlUhDZ0Ih9vipEMukhiOqZv2g9D1L6nBO46EcpyUnqvfofO1OEnT4pwjgfKKCVgtnOulVlBW2UCmkh76SGosUXnX9s7P%2FNDxe%2BAm6SCcP9IUb1lpuslC8ISKFumQNPfKAuP9BFJ0XEUfV7AJ7Xo1OsKgIrxngbQMzibxqLT%2FEmw%3D%7Ctkp%3ABk9SR4i_ubzYZQ,30.0,2025-03-20,2022-23 Topps Chrome UEFA Club Competitions - Orange Refractor #3 Mohamed-Ali Cho,37.0,21716892.0
334285.0,Mohamed Ali Cho 2022-23 Topps Merlin UEFA RC Blue Shimmer Refractor 39/75 [dbJ10,$2.12,"Mar 14, 2025",letsgocardcn,13652,99.7,https://www.ebay.com/itm/376056639696?_skw=2022-23+Topps+Mohamed+Ali+Cho&epid=12062340327&itmmeta=01JV1WEBXHVZ5FZ6SQWB2BW4ZR&hash=item578eb8f0d0:g:XvYAAOSwyf9nzmyw&itmprp=enc%3AAQAKAAAA4FkggFvd1GGDu0w3yXCmi1fwjZVgk3dOfynPxD9IrzGf%2BCKa0zsKwqdMy%2FMB6uNWleIA7Ksir5Z1D3Fzm4jTCpvFJe2yZ6RkO4u1%2BoEmVqZqcWTI4r0JUficbmM0IYE3YG6h0ilSw6gjbT7ObTfj2LlsYbugEBlv8h%2B8Bi1hw8%2F9LOMgAo%2BDwGxbfgTUwFJk8pWuNNZp%2B8tzFfP%2BZN8OzMLz1FWmfB7YGPGLdXI2wD22DMZqSgT6QIPIxWpz07UrOAh%2Fxolya8oYHGBsVpi72wdOdgnNxivIJVAuEr5Ty9St%7Ctkp%3ABk9SR4i_ubzYZQ,2.12,2025-03-14,2022-23 Topps Chrome UEFA Club Competitions - Blue Refractor #3 Mohamed-Ali Cho,33.0,21715680.0
334285.0,2022-23 Topps Merlin Mohamed Ali Cho RC /10 RED Refractor Rookie Sociedad Nice,$39.99,"Feb 12, 2025",seoul_collectibles,546,99.5,https://www.ebay.com/itm/405350377821?_skw=2022-23+Topps+Mohamed+Ali+Cho&epid=19062359415&itmmeta=01JV1WEBXHHXF652D6FTXVNN2S&hash=item5e60c3e95d:g:AggAAOSw8yhnNJKH&itmprp=enc%3AAQAKAAAA4FkggFvd1GGDu0w3yXCmi1fwy1HNSQgmVNjRyEbajg7ZKU4jjbRILKA7HtQ8OQ9zL30fIToGFGulWSyq%2FijytAQw1683JnU%2FfU2TxTavA6ICprkZf5oWxIbmudw43ccpFqEzbS57T4tQO%2FWNM3iMYEPqOz9RkGmcuj0VVLStPwNJS%2Bz39DJ2hzWQlxZw%2BaICBQV1G6MbqmzJGvmZ6w9UzpL%2F3QDjpDVohgEFdNeKsNZWajwjLXYMBmfOkdidMas0EqETpxQ5tMIJfGCP8pxiJgR2gyaiL5vTUvDVAgpnH0Kv%7Ctkp%3ABk9SR4y_ubzYZQ,39.99,2025-02-12,2022-23 Topps Real Sociedad Team Set - Red #20 Mohamed-Ali Cho,33.0,22726856.0
334285.0,2022-23 Panini Select Mohamed Ali Cho Rookie RC Autograph France Real Sociedad,$6.00,"Mar 12, 2025",topstox-official,41101,99.4,https://www.ebay.com/itm/365446744889?_skw=2022-23+Topps+Mohamed+Ali+Cho&epid=8060316951&itmmeta=01JV1WEBXJSW6EMV5W1TH32WW0&hash=item551652cb39:g:I2IAAOSwtN1ny6UI&itmprp=enc%3AAQAKAAAA4FkggFvd1GGDu0w3yXCmi1dC0syRSzyh2wyRTExYwoK1HXR--7K7zZWvgduOxo8nCHd%2BIXpbv4OVI4vqj5F%2Buto46i4jX86K3C4Z1QISxg3NLx2iWTrd5v7qZ5P3PNWoBYYH35TjIJ7sjXsJ1XR5VTRpayEGPgOBBwfudpEnPw5W2T0KPicYodjs3jUr%2BEANguGAxG7h6eoE4aZwAyYQkxEubg7HKjHcDtt%2FhVjOunxgp%2FOeoiER4G4X6PBgprkiyXt6s2X1GfivonI2LoxaVRsdwfphtXLj0hYeESzzVyRe%7Ctkp%3ABk9SR46_ubzYZQ,6.0,2025-03-12,2022-23 Panini Select La Liga - Select Signatures Black #SS-MAC Mohamed-Ali Cho,35.0,21345473.0
372883.0,2022-23 Topps UEFA #A-HH H치kon Arnar Haraldsson Refractor Auto Copenhagen,$3.89,"Mar 6, 2025",robowens,4870,99.9,https://www.ebay.com/itm/256737124420?_skw=2022-23+Topps+H%C3%A1kon+Arnar+Haraldsson&epid=26060323736&itmmeta=01JV1WF2WVXKBJE7ZM2XVSGQ83&hash=item3bc6b9a044:g:zn0AAOSwDRtnTnye&itmprp=enc%3AAQAKAAABAFkggFvd1GGDu0w3yXCmi1cAfj%2BvA2Z6hYcoPzB%2FGwtR9mmOsCU2Sl5SbGPq%2FE%2BJpCJ0i0rtTbP76PYSRyiVYf3WNrgQRmg8L2B6GsE9PMdVkbHwiAbucskPntG1nW%2FclPrTZrE%2FbtvIUdWDm04oCMXP%2ByvtHWl7PddqposUbmUMNKFoibwLQFgOgTZTsTN70T%2Fwsyvsug9s1rwX7YRBHvAxKRvAP6dSCJHdXPRPOkUmPzTfOkwQBqN%2BVUfpZdP1mNdEYVcJHq4mP9c4K%2BMDJpNQ%2B8B8RFewa%2B6R%2BD1X3853omWxheDvbDhQ%2FZ%2BKUfBThfxJ157WTK9QFJrkJgybhk0%3D%7Ctkp%3ABk9SR8SuvLzYZQ,3.89,2025-03-06,2022-23 Topps Chrome UEFA Club Competitions - Aqua Refractor #175 H치kon Arnar Haraldsson,25.0,21715246.0
372883.0,2022-23 Finest UEFA Club Competitions #A-HH H치kon Arnar Haraldsson Autographs BC,$2.73,"Mar 8, 2025",lcmgtradingcardsandcollectables,9705,100.0,https://www.ebay.com/itm/376035155151?_skw=2022-23+Topps+H%C3%A1kon+Arnar+Haraldsson&itmmeta=01JV1WF2WWG0Y7C2QZ6557MC66&hash=item578d711ccf:g:F68AAeSwkoJnw~sV&itmprp=enc%3AAQAKAAABAFkggFvd1GGDu0w3yXCmi1d1M9twcsdVWbEdE2gAB%2FugLsFAUL6%2B2R8WZzaTvE6aGVkPLJzZdTozN6z8ogQjK72c%2BsUmLVhz8Fg8jt%2F2%2FftJTQGtSJLbDW3e%2BWG4LMvYA7cwiDIoAx%2BhGAP6LmmJMFwzCenhPyAF1NqO%2F2p7XTQfxkhtie4VCm5dwrk%2FqqP7p7ViS2unFdOeaiF%2Fo9glPhWxMkYJh5pRvkhi5t5bcTIqnOoWJQVcZL%2Fe424MifNIZg%2Fs2Eap6oK2e3z3BqTYyu9tSfnX6bkzDsz4wjojMevtpGpQmyYWUpN2riEJwT2HvAdl0AsNd8IiZxAKVphS%2FV8%3D%7Ctkp%3ABk9SR8iuvLzYZQ,2.73,2025-03-08,,,
379519.0,Elliot Anderson (RC) 2022-23 Panini Prizm - Premier League  Red Mosaic Prizm SP,$7.95,"Apr 11, 2025",deh36158,646,99.8,https://www.ebay.com/itm/176817359229?_skw=2022-23+Panini+Elliot+Anderson&epid=10059564381&itmmeta=01JV4JGYWCMQYR0V1VTTV3MBF8&hash=item292b22c97d:g:df0AAOSwNgRnnhf6&itmprp=enc%3AAQAKAAABAFkggFvd1GGDu0w3yXCmi1dyxm2FlhZQQ9dCkz8u7tS0u2jVyA2jkjjvZVJ9%2FgzlZgMO2RBPLzKmwsXPRGYy9lmMEh4AoDMQuHzO9oCWYNsE%2B0Aa7E0wzOmWCKkB5cuVf6YD1LwHWzR%2FEnnOQkE%2B%2FQQm0C96kerdzdJ7oj0HwcQQs75BmX0omSU2kMtQEaG6ywoyt5LCp%2BwCGwfugfoCWnQlDi5bdzFiUPJ1k6BVvCFgthyIAQf1%2BoBfJrib7FTLBCEMKoLC2ZcIZlHg4c2pnwQSD3ZI6y2RMrJZXBQTNbN0Iqimj878OQQTl8Gk2aUcepdSfnaQvgZDDLKLKuLnvQY%3D%7Ctkp%3ABk9SR4bvw5LZZQ,7.95,2025-04-11 00:00:00,2022-23 Panini Prizm Premier League - Breakaway Red #182 Elliot Anderson,37.0,21048934.0
379519.0,2022-23 Panini Prizm Premier League Blue /175 Elliot Anderson #182 Rookie RC,$9.50,"Mar 3, 2025",rogoholdings,2682,100,https://www.ebay.com/itm/256097691095?_skw=2022-23+Panini+Elliot+Anderson&epid=12059545710&itmmeta=01JV4JGYWCQX6X5PVY5TFHREE2&hash=item3ba09ca5d7:g:C8IAAOSw~Idkerd4&itmprp=enc%3AAQAKAAAA4FkggFvd1GGDu0w3yXCmi1cb6STZXZswjKXOVnC86gK9iaLsNu%2Fzd6Qymm2SHUMy9cUk2W%2FpEAt6KznHTd2WO69tc%2Fi03xdqy1a2VKhgd1a8A3anOCDKMWawp0zizbNsDT%2BmfsZJr4nz7a0PglYxIGNi5eIhVOvDRt%2FkVMKKj83Tn0EHWCky3kbBAiH%2BfRZ%2B9S6DhgDJeKMdP3CxcU%2FnjtjUi9b3dI5ziMgwDdjcUr%2BA9joOdSZkLp%2FzxxJvEsHXHL3dnMENzfnGjFTaA7D0ZZ%2B4HSr%2F9%2BGlampFRpd%2B9yFA%7Ctkp%3ABk9SR4bvw5LZZQ,9.5,2025-03-03 00:00:00,2022-23 Panini Prizm Premier League - Breakaway Blue #182 Elliot Anderson,47.0,21047424.0
379519.0,2022-23 Select EPL Mezzanine Elliot Anderson #187 Rookie RC White Prizm /20,$24.99,"Feb 28, 2025",evolutioncardshopny,431,98.4,https://www.ebay.com/itm/356462618577?_skw=2022-23+Panini+Elliot+Anderson&epid=2331363146&itmmeta=01JV4JGYWCJR4MCRJT039Q58S2&hash=item52fed3e7d1:g:X~cAAOSwbbhnhJXC&itmprp=enc%3AAQAKAAABAFkggFvd1GGDu0w3yXCmi1drVumW4cErYsn9DUcG88Q1CTe4VtqLEshrFgLrV0TdHpg%2BJz31lE2AzmNIx1XWDD8APSIM4--%2BEVcre6qkbhmOwsjHv0SXDg3OeoNDl7kuqGj61Qi1ocw3A1oKPJq%2ByGgqqfihAIJcmdSf7%2FVMM0%2BNu0NyfG1uKswjpIZqlaqeLuHq44YAbfVdx1F5RnV4CjMW76N9sIZ2sunyqiOb5iMadG%2BNu0iHJt93nr66EjuSDNMZEJTOXRIlej0biOVZR7PgZvV%2BS6KMAIQP%2F2OznldYyEAlkLql8%2BSXlcSggWc9SXGkWpHaX5jygxd521ITq48%3D%7Ctkp%3ABk9SR4bvw5LZZQ,24.99,2025-02-28 00:00:00,,,
379519.0,2022-23 Panini Select Premier League Elliot Anderson # 187 RC Red Ice Newcastle,$8.67,"Feb 23, 2025",collectiblecrazeamerica,2954,99.6,https://www.ebay.com/itm/186745385161?_skw=2022-23+Panini+Elliot+Anderson&epid=14060306769&itmmeta=01JV4JGYWC4D9072VY30WRW4BR&hash=item2b7ae470c9:g:DaQAAOSwzTJnGjEw&itmprp=enc%3AAQAKAAABAFkggFvd1GGDu0w3yXCmi1cqKS8TaYkim%2FS2gdVWNAkismvhBnS2vHxLavlGggPYF5nvvrQZI0E0QgiNMxqvwGDEzBZxa1Qd3mAvDiHMsCOvDb5OBMCupMxeGRBz6r9jkNfhGT1dr2zP2ZTyJ6pbJiYmpp5XgRsy4P2xH1nGft3VS4As%2FvNiWdJz0jZHZtJiirykFrkEHXy7MxzmL5oNmVZJSgcU1xXAgEck3dQBWEzlkimwpMGUf%2BuufAQzYIhygZssl9Pj5z582eywodubf3z9F9PDnhajhhgOd%2FU9oIttwALxIETdHykKYIh9NKWwwzXKwSGe5SOMmpz%2FLD5d8R0%3D%7Ctkp%3ABk9SR4jvw5LZZQ,8.67,2025-02-23 00:00:00,2022-23 Panini Select Premier League - Orange Ice #187 Elliot Anderson,37.0,21402651.0
379519.0,2022-23 Panini Select Premier League #187 Elliot Anderson,$1.47,"Feb 23, 2025",double_ds_cards,594,100,https://www.ebay.com/itm/375600115923?_skw=2022-23+Panini+Elliot+Anderson&epid=28060320071&itmmeta=01JV4JGYWCQ8TR2NTZMKAV0SAQ&hash=item577382f0d3:g:SA8AAOSwwz1mws0Y&itmprp=enc%3AAQAKAAAA4FkggFvd1GGDu0w3yXCmi1c6UiO7MLN9VDRqL%2FRtoBmfJQ17lcyB0CpJRA%2FtD%2B%2B23QrhxFEGETV0xLoyLENamXl073qtu5%2BrSa5kGrixjW3zlXJB%2FBc5UhWbJ1MxxH0HYkVMF7mCx6g8ub5adIZX3kPL6fMYMlpdL9MGFMQ4yVvcv4pgsmTY%2Fj6bEyk1mPn89JP7A3KPekdThc%2B5XWvJ74njOW1cvizH1jHcCOTfAf6Om9lv2P%2BFIVTSv2TaMUAjEskrWGOK6Gf6szBrlYixAtwzYnlPaakh1PdmDVn6c%2BMM%7Ctkp%3ABk9SR4jvw5LZZQ,1.47,2025-02-23 00:00:00,2022-23 Panini Select Premier League - Black #187 Elliot Anderson,40.0,21401391.0
379519.0,2022-23 Panini Prizm English Premier League #182 Elliot Anderson,$1.59,"Feb 23, 2025",sportyourcards,6640,99.9,https://www.ebay.com/itm/276803566662?_skw=2022-23+Panini+Elliot+Anderson&epid=28059562762&itmmeta=01JV4JGYWCMYTFCX7B3H157EQJ&hash=item4072c73c46:g:rR8AAOSwNI9neMPd&itmprp=enc%3AAQAKAAAA4FkggFvd1GGDu0w3yXCmi1cSROA8UOI3kY1UlsTf7LYXDeI9W4b1YVa%2BOtNmUk0n5r1aeA%2FmJjZWJwo5Ro1DwtL%2F92K71vXcYoTIOs87c9%2BFyI95fNCIGqkSbt%2B2FmvrLLb8IZKM3gXFVyQXZvQri0ein7H2MkdLgybbRa5rC9pcGbbaIZlQwHUb0Dz8uPZ3Z1KcNRM%2BuP1D1uASC82tLHL8A%2FTLu18kwtgl4gxrlqQ2KROY5WV%2F7y0fkcDB22LL9WVxY9G556cIPfa0JZT%2FO5BoJIS51OU7hx1i8KnjZDfE%7Ctkp%3ABk9SR4jvw5LZZQ,1.59,2025-02-23 00:00:00,2022-23 Panini Prizm Premier League - Breakaway Black #182 Elliot Anderson,40.0,21047122.0
379519.0,2022-23 Select EPL Mezzanine Elliot Anderson #187 Rookie White Ice /25,$22.99,"May 8, 2025",fiedo-60,135,100,https://www.ebay.com/itm/396302020201?_skw=2022-23+Panini+Elliot+Anderson&epid=24060307869&itmmeta=01JV4JGYWC5GEGNJ05FPCE67BZ&hash=item5c4570ee69:g:bRkAAOSwt-xnzk-i&itmprp=enc%3AAQAKAAABAFkggFvd1GGDu0w3yXCmi1ejDfvqCTvt0jK0sQ%2BbZYVNt7IoUhdfSyhJMfBUqoyjL%2FuoMw09ZSR3eIeMEUruDb0uM%2F9xQtmMR7DKoNxcCD0hy88o027LPiavSWYORjnc38Ty8g2BgFK3RGrX%2FTMrdJBcdydJk1rJXNGAZdiB37ZvrDGLdjKPg1Zs5dYUuLgRf966NKNH5o6E4PsQfGUZILA40vQNnbpt%2Fn3ErTbMPdOq1v50SFIW6iU93ZbPpe40mWuQbX5XWrMEm23nNuOWkZgT030tKEebu8TM%2BYYjAr%2Bi348cZQGGHjhnTvv1%2FWWRlm%2Ft9%2F8wPj71R5HOYKPyN7w%3D%7Ctkp%3ABk9SR4jvw5LZZQ,22.99,2025-05-08 00:00:00,,,
372883.0,2022-23 Finest UEFA Club Competitions #A-HH H치kon Arnar Haraldsson Autographs BC,$2.71,"Mar 8, 2025",lcmgtradingcardsandcollectables,9706,100,https://www.ebay.com/itm/376035155151?_skw=2022-23+Topps+H%C3%A1kon+Arnar+Haraldsson&itmmeta=01JV4JHKYEQG9WKCP5RHCPA3D8&hash=item578d711ccf:g:F68AAeSwkoJnw~sV&itmprp=enc%3AAQAKAAAA4FkggFvd1GGDu0w3yXCmi1eSuXejFwQIv%2BlYdc6%2BIJhtUCkUMRbfCUiVCEjnCDIPpjf6EwJ3zooNyNUoyTxUlVnddWfHacNkFVEEjagR0ZCwLcG5zq2sgsFgLfY3wMFoNzDhLvIrGpaAUxEyFxtri%2FA4JbDHqpt9leMDOYqbuP2oqbehwP5tMfOCmW74eXCAvJ4w68QUIUR5RZYJXrR1ZHCPj%2FtXuFxJelWqMqzTafVn5DrUGaFAEI9XI2ZKX5fnb65DQdcdGohYQT%2F6w5UY3glPTbaPXOdp622Xb7cvj1my%7Ctkp%3ABk9SR7C_xpLZZQ,2.71,2025-03-08 00:00:00,,,
413770.0,2024-25 Panini Donruss Optic Yaser Asprilla RC RR Red Prizm 269/299 #177 KT01,$0.45,"May 6, 2025",triumph_sportscards,815,100,https://www.ebay.com/itm/396535464842?_skw=2024-25+Panini+Yaser+Asprilla&epid=5074965940&itmmeta=01JV4JM69MW1CBMCNC5WYP8VQE&hash=item5c535b038a:g:8UQAAOSwFNhnxKYS&itmprp=enc%3AAQAKAAAA4FkggFvd1GGDu0w3yXCmi1dqTNK5OvAOgah5afUFyiQNjM1dzHB5XtfJJaKUC1xyAX%2FrBdJ5oeVS66wkQDFJvUmg%2FkdCf%2FLio0PuOL%2BivayeKiEjzN5OKAm2ziNzkaF0DoXYA4lcko2XcMFjSe%2FxKBe47%2FUurCJt5bnNweRl1lu%2BqGoFsKWrXxS4xGmvs6cOsAwFI0EP2BXwY%2F3vrXoa2L2b12eeU9CGJeujAqSGGCWb91qa4R4K%2F2tJgQNHRHoLVi%2B4aISh56kOvXVgIPVGo5y4eViYejTZoKLXQDYkFPb8%7Ctkp%3ABk9SR_bk0JLZZQ,0.45,2025-05-06 00:00:00,2024-25 Donruss - Optic Red #177 Yaser Asprilla,55.0,27451166.0
413770.0,2024-25 Panini Donruss FIFA Yaser Asprilla Kit Series Rookie Patch Colombia S111,$2.30,"Apr 22, 2025",tridiam-0,27678,99.8,https://www.ebay.com/itm/388270910628?_skw=2024-25+Panini+Yaser+Asprilla&epid=24075117035&itmmeta=01JV4JM69M00637MJFGDHZHCNW&hash=item5a66bfeca4:g:fDkAAeSwdnBn~w51&itmprp=enc%3AAQAKAAAA4FkggFvd1GGDu0w3yXCmi1f7qQ6YRz9syR6%2BTNfimT%2BuBqgrmIrE4qxCsG5FjlpdFydNFfZt%2BAGtPsiBiN4SUB0ARLmAlK%2Bj5KBstoi%2FMlN6UObDWpSSz26tN3lkhNDyGdDk7EzDkMRsaY5tIMVXzrjQXv1XUCbGsTgVeejAhQxhWKLmJCrceQZABO0l8tM2rYfu8geyPy5rbY%2FEyeeeb5d2YfrAoiDxtjPsX8zWXbHi377yEST%2FSvOjCysW0Bhq5xorouXXxK3bpS7Kuzf5WnxQPLjVqXuy%2FGUq3IuAD9as%7Ctkp%3ABk9SR_bk0JLZZQ,2.3,2025-04-22 00:00:00,2024-25 Donruss - Kit Series Black #KS-YA Yaser Asprilla,50.0,27859044.0
413770.0,2024-25 Panini Donruss FIFA Yaser Asprilla Patch Kit Series Colombia #KS-YA,$2.25,"Apr 21, 2025",jocisn-8105,51,100,https://www.ebay.com/itm/356779413804?_skw=2024-25+Panini+Yaser+Asprilla&epid=24075117035&itmmeta=01JV4JM69MQ4FWW69ZKVT323RP&hash=item5311b5d12c:g:Ga4AAeSwe6Zn~YDr&itmprp=enc%3AAQAKAAABAFkggFvd1GGDu0w3yXCmi1f7OPysjeU7HBgCCIt9beisV64c8%2FMrpzfKgxYQRSV6W7L6iOI5B6Gw%2BGyNXezA3A%2FZW%2BIA5df%2BM1trcjzpJTyO5Z6TRLTrdm17TIygDYF5O9VBUrVHI2htwmqTlieLS3AhDSw616%2B5lY0IJMoLP%2FuibVF3dz31BcFkKzJ0XJvC7%2BI1KepGCfMXRadoih5OG0pgL6C2od0KmaUGVIvW9Zl0AHbHlqGeYbe5UOb6v0wdzMb4KCzEiNy465DRo6VgvME1j9HYqWVb5kTG5buCB0RtH8GJmTVe4X6HmABx4VUVbXkG0W8gCvy5o0cte%2BNAU5Y%3D%7Ctkp%3ABk9SR_bk0JLZZQ,2.25,2025-04-21 00:00:00,2024-25 Donruss - Kit Series Black #KS-YA Yaser Asprilla,50.0,27859044.0
413770.0,2024-25 Panini Donruss Jhon Arias Yaser Asprilla Rookie RC Blue /49 Colombia,$1.50,"Apr 20, 2025",topstox-official,41130,99.4,https://www.ebay.com/itm/365540103566?_skw=2024-25+Panini+Yaser+Asprilla&itmmeta=01JV4JM69MB6DFYE2WTQB3ECR4&hash=item551be3558e:g:es8AAOSwvmdn~x04&itmprp=enc%3AAQAKAAAA4FkggFvd1GGDu0w3yXCmi1dS2A3tnK4elxgOfF0JyCCd%2FClY4tMbxV0pgA40Owq87z6GYrGJv9Gs4q3ji2ORkAHV0FOZdD89GEvhHNLxa4RLs4xjS1f0vjVrqkpi0EHwaI4vNCqHHmmD5EETCWpYgpZS5WnJJefLFn4dx4P%2FW7FeQMBGFXElw0WSlRxVPAV6%2FsWR8IKO--nv%2FMGKv5yHXztEI%2BaB%2F1hvb%2BjZznG%2B%2FTsuWhryDM37C0YaxRwAFQ1kUzBJdo9heMnh09T7nXjPW0tJMAPbkjEVcjpHl7TBfxy9%7Ctkp%3ABk9SR_bk0JLZZQ,1.5,2025-04-20 00:00:00,2024-25 Donruss - Blue #177 Yaser Asprilla,45.0,27448718.0
413770.0,Yaser Asprilla 2024-25 Panini Donruss Soccer FIFA Kit Series RC Patch [sm40,$3.25,"Apr 17, 2025",letsgocardcn,13689,99.7,https://www.ebay.com/itm/376160041913?_skw=2024-25+Panini+Yaser+Asprilla&epid=24075117035&itmmeta=01JV4JM69MCP34ZMQKAD59M9Y4&hash=item5794e2bbb9:g:bc8AAOSwCmdn-xmG&itmprp=enc%3AAQAKAAABAFkggFvd1GGDu0w3yXCmi1cu8dmwlUrX8HX12u9YDb83NnKN3WyARM9XKKNmvVI8wfXCODo22WogCDcI%2Ff05O9uk4JRfjn5kG7D1KHu6dMowAYPB8SoZUssOkTHkHdugFLTJiyP3AgMXCOt63zpXtLLv6HiRfDWItpLAnmac6%2F0GO4QhMD4K9tXCztyCBmt1EsmWg0%2Bm7JtLE4fH%2B0l254CUGSsyXNw7vido5Ry0oaXPhtPgRGkjRp3EzSczkOkGTHt%2FVcL%2B3DxCnZN%2B%2B3EXBbilZBUEmdMBlRki8rQhGIajz7VcE%2FoadBGt5VOgAZ50b0GaaJIJ%2BWlbzkjT7L9fvz0%3D%7Ctkp%3ABk9SR_bk0JLZZQ,3.25,2025-04-17 00:00:00,2024-25 Donruss - Kit Series Black #KS-YA Yaser Asprilla,50.0,27859044.0
413770.0,Yaser Asprilla 2024-25 Panini Donruss Rated Rookie Green /5 #177,$9.99,"Apr 7, 2025",nc81cards,3406,99.6,https://www.ebay.com/itm/297189384308?_skw=2024-25+Panini+Yaser+Asprilla&epid=13074953480&itmmeta=01JV4JM69M1EF9003KT9QZJMCD&hash=item4531de2074:g:kowAAOSw8iNn85aA&itmprp=enc%3AAQAKAAABAFkggFvd1GGDu0w3yXCmi1csOnT6Vt1%2BycNW53YL7UmEPDtoOFuCiv270SZJpEIB0%2BEmtRs5nEWURQK%2BkURBLBK0aBVwF01A5VzzmyCerl%2BNm%2B1Cb6ztdm1oA%2FMNUK2l84SGK45f9G1muN8eQi0LEHNCPLgVzY4o%2B9%2BwKvxh16RRjn0bqqGeV00leTQWUFl3bG6bSqGKl1O1RDXUEfE8R62HWJXRdwvDsusup8fWXWt0fH5aiXBSDcsvFtCboq9WZGpI5erAEMY5YTqqM00sUV6JrnDmXwRS3Bl71epqXCnra7Mw9jVG86Rg2WrtwAPty%2B0ORSil8Ew4ojvXj6ir2bU%3D%7Ctkp%3ABk9SR_bk0JLZZQ,9.99,2025-04-07 00:00:00,2024-25 Donruss - Green #177 Yaser Asprilla,55.0,27449534.0
413770.0,2024-25 Panini Donruss FIFA Yaser Asprilla Rookie Kit Series Patch Columbia N548,$1.55,"Apr 3, 2025",tridiam-0,27678,99.8,https://www.ebay.com/itm/388157562484?_skw=2024-25+Panini+Yaser+Asprilla&epid=24075117035&itmmeta=01JV4JM69M2DCAEM32VSQS9MS3&hash=item5a5ffe5e74:g:Hq8AAeSw155n5bt8&itmprp=enc%3AAQAKAAABAFkggFvd1GGDu0w3yXCmi1c6P%2FoNIukAmLnPLT03889DUvZ5JHrKpWErixTwb5gWS1KKY8FDako7nm%2B3iNeqFBS5BvbX5PTz21dPQE6NzfWV3XheNFOY97b5%2FC7ekF%2B3LdkaxhAiKEJCOoFZoNsVIAIpLpiOoiTqkCHl5HHUwSkkOBFFQvKbbWCpRBvUN0i9gH44YOIpNLbMybwFM5YddmFNBhCVHvg7g8kFZLmLroEkkNS3dvjPony44kERYyAlu1pP1Z7etbIg%2BOpTg6l1T9%2BEDaDKNfcdfoG%2B5gj6BAl8XOqRzC0PweB%2Fg3OGuEDy4TttgocViaHwNcg3lJqdP5s%3D%7Ctkp%3ABk9SR_bk0JLZZQ,1.55,2025-04-03 00:00:00,2024-25 Donruss - Kit Series Black #KS-YA Yaser Asprilla,50.0,27859044.0
413770.0,2024-25 Panini Doruss Optic Yaser Asprilla Plum Blossom RC Rare New SSP #177 #W,$2.90,"Mar 29, 2025",topstox-official,41130,99.4,https://www.ebay.com/itm/365481278382?_skw=2024-25+Panini+Yaser+Asprilla&epid=3074959273&itmmeta=01JV4JM69M5ESKSXZ98J5AQBZ9&hash=item551861bbae:g:Kz0AAOSwzcxn4i0v&itmprp=enc%3AAQAKAAABAFkggFvd1GGDu0w3yXCmi1f%2BfxIqMtTlfCEVcw6QIKLJX7kYgK42Bky%2BCdtvDXk0RC57dNxMBhqFb2SBrljbv%2F0fJI%2B75CA4wz%2BchOTIbiBCavDwpWmU2BxecuESuZEm1G5wvrK2nGA4HoeOvtf7iuFUAEnlGpP8QfB%2Bn62pjndUIGPIKFqiXyk34%2BQeC6cA%2Fztfp7%2FeZpCF4CbAU%2F0isaGJfJuMM3fLeDDB7fypbwuZ4jgbyTRgab6me0Xa0ow9loFSiGQc5V29tldrh8LAevc4QVgWn8kSYaFbnQIbFiUzaUSWnPmvr5hLPG%2BIp6My%2FZFh3uvl3R2blEPhpuAsQ2A%3D%7Ctkp%3ABk9SR_bk0JLZZQ,2.9,2025-03-29 00:00:00,,,
413770.0,2024-25 Donruss Blue #177 Yaser Asprilla 27/49 RATED ROOKIE RC COLOMBIA,$1.76,"Mar 28, 2025",hoodyscollectibles,199879,99.9,https://www.ebay.com/itm/146461087132?_skw=2024-25+Panini+Yaser+Asprilla&epid=2346004092&itmmeta=01JV4JM69MF7V1R8XRFQ3FY44J&hash=item2219c2d59c:g:0MEAAOSwxBlnweAM&itmprp=enc%3AAQAKAAABAFkggFvd1GGDu0w3yXCmi1dxwrLRryzpothTRGuKaDdvCBCPtgefNUpOJyQahtVTOW4uA44xEgX0nyz8oCmDHIlUc9wB0wiVwFvOCOn0drbz4Qm2xr80LzkfqC5myi2DNHZTwOn3Ql4TScr7VZ3GSWDQhE8jafyufoYWHDCXw8pSFdQRP1XgDpGCoAo2lvtKnQy%2BQ3GrRsrnTzx8AhF14ptbEVdUMis9JhzqTElSlVq4x8Ybno5HdNVElqY%2FDMuzB%2FWeRWZ3QxqJrm30sC7EfogyZVmB7xZqonHCDsTkBGd9WenexS2TB0HVfCUnh1BVHW5u%2Bj4aJpKjTuQiZBTX45U%3D%7Ctkp%3ABk9SR_bk0JLZZQ,1.76,2025-03-28 00:00:00,2024-25 Donruss - Blue #177 Yaser Asprilla,55.0,27448718.0
413770.0,2024-25 Panini Donruss Yaser Asprilla RC RR Aqua 125/199 #177 KT01,$0.30,"Mar 26, 2025",triumph_sportscards,815,100,https://www.ebay.com/itm/396332384197?_skw=2024-25+Panini+Yaser+Asprilla&epid=2346004027&itmmeta=01JV4JM69M9DBJA39YS7Z3SR3V&hash=item5c47403fc5:g:m~oAAOSweTdnvgDo&itmprp=enc%3AAQAKAAABAFkggFvd1GGDu0w3yXCmi1eSupadVSEpaJrHlW39%2Fs69WlhfUIReB8FFJ4Tmls5UCQBE8aq5AmjrdrP%2F2cj0sgvGOWCpMnUbLlbmKCOikRIGdso0bMvwxlCgHMTWIVlbQ4zBOtEVOnhdjqdORQmvGA9E1p3FNTCnjJg0Gbs2TDPllkm4UyyA0UNGxhqN2uZy7JrBKHEuFih3jM5mG3SuwZXwNTZvQ3qPhgXhiESjOrY6WIhv2ZjstxYaszyINK5zGTxasnr7k%2FW2WGpAuIlT1iVMgccrLmdv4XJxMnUtvQ4Ot37RX6aGPOFOfJlbtUpRXKtDacmtZrp5p4GQAZMiwr0%3D%7Ctkp%3ABk9SR_bk0JLZZQ,0.3,2025-03-26 00:00:00,2024-25 Donruss - Black #177 Yaser Asprilla,40.0,27449738.0
413770.0,2024-25 Panini Donruss Optic Yaser Asprilla Plum Blossom Prizm SSP Case Hit RC,$1.25,"Mar 26, 2025",topstox-official,41130,99.4,https://www.ebay.com/itm/365474892047?_skw=2024-25+Panini+Yaser+Asprilla&epid=3074959273&itmmeta=01JV4JM69M269MF1H5AP2RKCTH&hash=item551800490f:g:reMAAOSwwFBn3hyw&itmprp=enc%3AAQAKAAAA4FkggFvd1GGDu0w3yXCmi1c8lkNXrz0gSZZbrQt6SGGk4lMXQRkotHoMQc0%2FJEimQ%2BqdOqicSm3rc206UPyzQLPDiOnf6mWHeL2zuWrDIMO4xYI1BhhAkSLl%2FnNNXlwxu4oIltdWLnfMD2kYwwHorfFunBTjZWCmDtZv9r3Xwm69dBK68tFylpaW4e1zTfEb5kJnbc8W1EZQiT2DWBcCmN7FtPyArpMTCrxfgMMpf163g3hH1oLVzHFoH0bFmXmgUPX1PiWWC6YTgRy9vEQ%2BROBHN7QLl2of9tmYvuojJdmT%7Ctkp%3ABk9SR_bk0JLZZQ,1.25,2025-03-26 00:00:00,2024-25 Donruss - Optic Black #177 Yaser Asprilla,37.0,27453002.0
413770.0,2024-25 Panini Donruss soccer kit series-RC Yaser Asprilla,$1.25,"Mar 19, 2025",jogra_8363,2867,99.7,https://www.ebay.com/itm/396313651038?_skw=2024-25+Panini+Yaser+Asprilla&epid=24075117035&itmmeta=01JV4JM69M9MCA9DHA6T9TW4EA&hash=item5c4622675e:g:enoAAOSwTYxn0hsv&itmprp=enc%3AAQAKAAABAFkggFvd1GGDu0w3yXCmi1cGyhLNBw1ZbovqBMAuVLHdGwA2Q%2BCLtIf9QKccAmHLB%2Fmghfmc4P1ZGfmbvQV%2FlzWvsFG%2Ba7s6OPohyS9NKhnq9vzjwRd%2B0vcmEpzVzMgkWPvB%2F5KQNdbswxJHtIOjtX67n5KNQK20OOVxvOZSpPqMsU1ulvUN4D2Q3cy5fuZvZcnM5rqHWvCTh2f3H%2BdCzA6VwrvvxOCxwO%2Biu17ALApkEao6TpoEFntnEIg%2F844a3svVJoYpPAxncNcquTTIEbcBiMkMTIIK48zGSS0Obe9b3Fi05s6v3YyZTDGDNokMc6oZq7n%2FqVL%2FcBKAazVKeqQ%3D%7Ctkp%3ABk9SR_bk0JLZZQ,1.25,2025-03-19 00:00:00,2024-25 Donruss - Kit Series Black #KS-YA Yaser Asprilla,40.0,27859044.0
413770.0,2024-25 Panini Donruss Fifa - Optic Rated Rookie Holo Prizm #177 Yaser Asprilla,$0.99,"Mar 18, 2025",row1sportscards,1673,100,https://www.ebay.com/itm/405673114859?_skw=2024-25+Panini+Yaser+Asprilla&epid=10074965875&itmmeta=01JV4JM69M7B9YYP7B56VSXD8C&hash=item5e74007ceb:g:KhEAAeSwuxdnx1pS&itmprp=enc%3AAQAKAAAA4FkggFvd1GGDu0w3yXCmi1cWIqPdPr8U%2Bt8DeVFt5QpoMlpdA3HOElu5YhWBceCNbyiWNM9Ge4BEeLKAGBA9oImrgduyqieQRc8NnxoBHtNCar5qj8ulyTzDT8hZNvq7aPN7dlaQ%2FIY0lcDK9e6N4Jq30ezQSpJIJeFbDYpkcHcUGS3Ikh1O1JEwwhvGrbCDBPlbAeiEWgYeBXDAGEq3GlkdmAOxmDZRgA%2F6bWJ4WbFYkv17Qx5%2B5NfERu9AkMWxTfuAwVKFxuNsMW5ep7XbMPduZAZ3fQwbiCesxyfKV03M%7Ctkp%3ABk9SR_bk0JLZZQ,0.99,2025-03-18 00:00:00,2024-25 Donruss - Optic Black #177 Yaser Asprilla,47.0,27453002.0
413770.0,2024-25 Panini Donruss Yaser Asprilla RC RR Silver 283/349 #177 KT01,$0.30,"Mar 17, 2025",triumph_sportscards,815,100,https://www.ebay.com/itm/396296219295?_skw=2024-25+Panini+Yaser+Asprilla&epid=3074959186&itmmeta=01JV4JM69MGTTPW9VRHB82JCVJ&hash=item5c45186a9f:g:TlsAAOSwrG5nq4hq&itmprp=enc%3AAQAKAAABAFkggFvd1GGDu0w3yXCmi1eJz%2BLvXz%2FGTCACIrYvMWAgXTbNtH023r16IFHOXCmvNldOKKyz6wOZ1PYWAx4aH6Bae3INw2cRsME53mskuCFDnBR9eKiSpE%2FgEwX1JrEeWyLjGrwKBXFVvdMeqd7v8JacJRIie5jJzgs8WgMQFDmOsB0NB2l5Yox3FquBNJrIm7XMUkNrGrrfrAiyT%2FzlXjWW8xD1E8yHQJ5JwYrJj%2FwKViqMHTBKjH8IToEXLm6Mma2skXknLNDmihvKAMfAVQS6%2B9tUUnrSjPw24QF6WsZ7hIqFJDHwKsaBDKi%2BIUou%2B%2F%2Bu6I2gtsqadz6XQUD1uU0%3D%7Ctkp%3ABk9SR_bk0JLZZQ,0.3,2025-03-17 00:00:00,2024-25 Donruss - Silver #177 Yaser Asprilla,55.0,27453614.0
413770.0,2024-25 Panini Doruss Optic Yaser Asprilla Plum Blossom RC Rare New SSP #177 #W,$2.90,"Mar 15, 2025",topstox-official,41130,99.4,https://www.ebay.com/itm/365452616462?_skw=2024-25+Panini+Yaser+Asprilla&epid=3074959273&itmmeta=01JV4JM69M25ZBBH3DQRR2K2H5&hash=item5516ac630e:g:zUUAAOSwuRpnz5Vg&itmprp=enc%3AAQAKAAABAFkggFvd1GGDu0w3yXCmi1cK4s59XhJ%2B6crziAcJBeja1UBQizC4yZaLacAjgglvuSqrEnU1bvqLcQK6uMgQcsI37rBjhyJVDL32Yn98uYP7JmF%2FEDD6pyTDTWw2WavX%2FVxIuksYvjQKGxELNZtukRqMXLbX0PqQGfDuUznQQiyyqJaY4EbwUmF0vM75ufAxRbXXsmzXe5peik3HLyhBoY4aUXME4d9Eoae3VDXJ3ozp2nG%2Bxs9zA1K%2B5wkNHL59xL8cwHfVcroKftIXCCb5Jvk3geaG4EV2gOq2wQN755VJ40fRh9CaipQeL9qnCSScULbwRFN%2F4MAGWufzm785COw%3D%7Ctkp%3ABk9SR_bk0JLZZQ,2.9,2025-03-15 00:00:00,,,
413770.0,2024-25 Panini Donruss Optic Yaser Asprilla RC RR Blue Prizm 141/149 #177 KT01,$0.15,"Mar 14, 2025",triumph_sportscards,815,100,https://www.ebay.com/itm/396284755689?_skw=2024-25+Panini+Yaser+Asprilla&epid=19074958339&itmmeta=01JV4JM69M3SE5VVKYTRYCAN0P&hash=item5c44697ee9:g:F0kAAOSwKkNnu02j&itmprp=enc%3AAQAKAAAA4FkggFvd1GGDu0w3yXCmi1fja0UthFnMQr0vR8W%2BWcVSZeAtiIvMGJpK8Pc3sUv4uxDK22ttou%2BcZw0jeGr37nJVqrxL7%2FY%2BwjeTRJuYv%2Bv%2FpE6OdGngIexXQxoaqpbaXTWhEDDA4%2BGvDXzjlYei8bxATveyCAtsM6cH0%2BVZsi1FDN6GSy3Ceb00w4AuiqX0k%2FNAqI061AsRxB2E42B%2FvCHw5ThSWbeZX12mmWmFQPayk0r1BRM%2BSaAOg6uSOXJcwb1PI9AmkNhtu7ay3IvTGhshzMugv0bSRdcERd%2FM0PLj%7Ctkp%3ABk9SR_bk0JLZZQ,0.15,2025-03-14 00:00:00,2024-25 Donruss - Blue #177 Yaser Asprilla,55.0,27448718.0
413770.0,2024-25 Panini Donruss Optic Yaser Asprilla RC RR Red Prizm 239/299 #177 KT01,$0.15,"Mar 14, 2025",triumph_sportscards,815,100,https://www.ebay.com/itm/396284752934?_skw=2024-25+Panini+Yaser+Asprilla&epid=5074965940&itmmeta=01JV4JM69MM141JEC4A52DK4YP&hash=item5c44697426:g:ic0AAOSwJANnu1Q-&itmprp=enc%3AAQAKAAABAFkggFvd1GGDu0w3yXCmi1feKigbRguth8r4y6vBgA5Tp1H%2BrWa9gO9fOWA7q31WkahbrdtN8oH1ys0CWnFPxdP4c2q%2Fu%2BYmzth3NeHM%2FOlt5Jafy%2BaIis2ulE%2FIKdSau8yicpmoz2QW%2BG9LGx%2B3bAwhNLsAs7uOr0P4SvTCnd3w4b1PQ2hx5DfRSqnU5qHoNFEYbcETfyYiXnPSnN5m18%2B2dsGj6l0%2BESEmeQA%2Bkr4wNFipzNSH1GN5vuUZUe2C5siYe6AfNS%2BFEVlcnFZVdtr%2FIIwvXPhuW24eJxRHkzlJKDZx0nx7njktZgDr3VyUGHM%2Be9B8Wk3NfuP8IqV7SAY%3D%7Ctkp%3ABk9SR_jk0JLZZQ,0.15,2025-03-14 00:00:00,2024-25 Donruss - Optic Red #177 Yaser Asprilla,55.0,27451166.0
413770.0,2024-25 Panini Donruss Optic Yaser Asprilla RC RR Red Prizm 269/299 #177 KT01,$0.15,"Mar 11, 2025",triumph_sportscards,815,100,https://www.ebay.com/itm/396266801038?_skw=2024-25+Panini+Yaser+Asprilla&epid=5074965940&itmmeta=01JV4JM69MHAJQ9HWF0F150J8S&hash=item5c4357878e:g:8UQAAOSwFNhnxKYS&itmprp=enc%3AAQAKAAAA4FkggFvd1GGDu0w3yXCmi1d66bSd%2Blur%2BhBRDaQDALPefVc4z52q0ebPphkPr%2BB685CHKIytI0AzJsOCUdI4r11KGDS89cxnJD96Ygkq%2F1pXHz2%2BTwgtSqoIZBKmqSLorabPO40de6jozCjPPAAz8f7XWWkWpLrBUazHcGfId7hzJJL%2BlPrZxDG9dF0JA%2FiRhNhe%2FZro97ytkVS%2BPS%2FmLWowJFDlLL--fFuS0gLAklWkHyOte6LPnCdGo2kKlxmXGxQhHKg92CFnaShttzu3kViIPHgu4HbCeepyAEDRLBxn%7Ctkp%3ABk9SR_jk0JLZZQ,0.15,2025-03-11 00:00:00,2024-25 Donruss - Optic Red #177 Yaser Asprilla,55.0,27451166.0
413770.0,2024-25 Donruss Blue #177 Yaser Asprilla 27/49 RATED ROOKIE RC COLOMBIA,$1.76,"Mar 10, 2025",hoodyscollectibles,199879,99.9,https://www.ebay.com/itm/135587827074?_skw=2024-25+Panini+Yaser+Asprilla&epid=2346004092&itmmeta=01JV4JM69N9BCHFDZG7RKDJKQB&hash=item1f91aa0d82:g:0MEAAOSwxBlnweAM&itmprp=enc%3AAQAKAAAA4FkggFvd1GGDu0w3yXCmi1dzsgqkGGd4EalMvCoeb%2FzI5fSLKCotl7r%2F88Qpa0i7HXOm4Wqkq73toOfYD3VJgNqPu5Qv7MY5ttK0WqppJs4Ag5ensv4GXGYNo6cT%2FTK3gLBLthulJSFjBHz4PuloljoEKIyO%2FuGuTXedIlVT%2Bn4rrQUGIlrOZi8%2F%2BSRTHd6kcIejUKaFUA9jdIfUmMXXvPxfYVseCT7dB8kDewZwALvQ0XgDmYH4eX0Nufjlkn4EbnN66zOFbuklVkYX7%2FcAr7dFRIpGaBoPYgMm7MgXa9m2%7Ctkp%3ABk9SR_jk0JLZZQ,1.76,2025-03-10 00:00:00,2024-25 Donruss - Blue #177 Yaser Asprilla,55.0,27448718.0
413770.0,2024-25 Panini Soccer Donruss Yaser Asprilla The Rookies Red #1 Colombia,$3.99,"Mar 9, 2025",card-ologist,141,100,https://www.ebay.com/itm/146390040224?_skw=2024-25+Panini+Yaser+Asprilla&epid=12074942214&itmmeta=01JV4JM69N3EDYZ84F7E5FKX59&hash=item221586bea0:g:VlIAAeSwpmFnrwi6&itmprp=enc%3AAQAKAAAA4FkggFvd1GGDu0w3yXCmi1fv1Cj0IWWJ2L2UIpJOdeTJ5nRhyPZuxskzjv50W6OkPQUe1bybN4J08L9sLFUVqeP2bCtoINBoUh28fy5%2BvzRwLUoFF7N2eXpcTtMzPjRKFvzhfj2PDlAdGi6%2BqDUkMXTiuQb6SWAc8BStFv%2Fm%2BAgvDbw6JTq7uApuyfvrtN4yFttjgYkxdnNyqKS7TaOeuICmiIzT%2B67BylbOEhuQ%2B9aDl7pBDxkXOs8G42%2BfUCIdgmRdeXN1ENezBtt5jdr1w5yHPrm36%2FKUvTDwZazYy3lP%7Ctkp%3ABk9SR_jk0JLZZQ,3.99,2025-03-09 00:00:00,2024-25 Donruss - The Rookies Black #1 Yaser Asprilla,50.0,27737660.0
413770.0,2024-25 Donruss #177 Yaser Asprilla Optic Rated Rookie,$2.29,"Mar 7, 2025",dootzcards_ig,1690,100,https://www.ebay.com/itm/335828869999?_skw=2024-25+Panini+Yaser+Asprilla&epid=7074971291&itmmeta=01JV4JM69NQ7SY4XWW59AW5XS5&hash=item4e30f5e36f:g:XkwAAeSwCXdnu~Xz&itmprp=enc%3AAQAKAAABAFkggFvd1GGDu0w3yXCmi1frYvOKdxO%2FPrtYySNPbC%2BqA1JuCpnT6SJCIZEiC9HleksD87WquNfKNQX4wSN7odOX%2Fttmf0eErxQdwgEG3QIAiQfXVi%2FwKH0aIuxoNdEVsee%2BlXyVFoZtTMVJVGKbXrj3tkw4nSZFX9rPHZgfjxwlpqRPmDXgeu%2B7hhNjB9O3q7bL%2FuJ%2F9oeRjOHIpk1kfpPCsa8wbrM4tJCTP9vZa5pjCYUeBUiG9hKFoXRSFm8TCULS9EamnDOx1DnDQ96yfzQDYtcZFKW1QkHX6hx5RsdCLGps%2B7E%2BNLvBCo859FMieMwYVueJZEiDalZPApZlMwc%3D%7Ctkp%3ABk9SR_jk0JLZZQ,2.29,2025-03-07 00:00:00,2024-25 Donruss - Optic Black #177 Yaser Asprilla,47.0,27453002.0
413770.0,2024-25 Panini Donruss Optic Yaser Asprilla RC RR Red Prizm 265/299 #177 KT01,$0.15,"Mar 3, 2025",triumph_sportscards,815,100,https://www.ebay.com/itm/396239058527?_skw=2024-25+Panini+Yaser+Asprilla&epid=5074965940&itmmeta=01JV4JM69N1J04WYNZFJVDPK9P&hash=item5c41b0365f:g:9c8AAOSwhI5nu1S-&itmprp=enc%3AAQAKAAABAFkggFvd1GGDu0w3yXCmi1eVC4DY4Bij9XVuzITHUKKQbwsS2mmCf%2FDHeix8N5%2BA3lLIchTZgjxReyu4rTm7rLfOy%2F9FPcmuiLdW8hQK%2BAvwuiapKo9URCBBN2mmr3a%2B8jJ2aBk394kiYHhvEVqst6s4JlraGpR0xpZPGBBEgOaHDBIJGY2VbTKgf%2BUxIH1o1uQAM76q3OvLRLgD7mYSC0eoAQDib4eg1oeHnIlKnFXUIak19%2F9IaPNxd91nnS3hM7fRlCxw46eWr5i0PvX7xjSbYKeIWOKfTLwDPWGQ1lvQwvDsS6GfBvZMTRzJoZ5sBrzm70is8wQKUamGrnewWDw%3D%7Ctkp%3ABk9SR_jk0JLZZQ,0.15,2025-03-03 00:00:00,2024-25 Donruss - Optic Red #177 Yaser Asprilla,55.0,27451166.0
413770.0,2024-25 Panini Donruss Optic Yaser Asprilla RC RR Red Prizm 239/299 #177 KT01,$0.15,"Mar 3, 2025",triumph_sportscards,815,100,https://www.ebay.com/itm/396239056440?_skw=2024-25+Panini+Yaser+Asprilla&epid=5074965940&itmmeta=01JV4JM69NTT0G66W4989BJGER&hash=item5c41b02e38:g:ic0AAOSwJANnu1Q-&itmprp=enc%3AAQAKAAAA4FkggFvd1GGDu0w3yXCmi1e8%2BV%2FIXkZfhQHnvLRIebfOPgXsRitwvhOBNJTJBqHplxUbh8qq3JYryE460axmOAgBm6N%2Fbc3uJWgo5qw1JBLgAr%2BvgqRE2lAcJtObFDphzJhuDq%2Bcdxbsj%2Fl8FkNnqsDID0FqcMAZmWCb2DH1LL%2BN5k4UHydT9zpp7iGWNnwYsUerCjG7Bn0s5j3B1FeMgy0gnB1UHsvxrLqev08j5ToHyYd%2Fi%2B8U01XlXoLHObp6%2BvMpWrWiOmrNDgMWOYLLgtIEhITQIL44OAPYxAYyoWqD%7Ctkp%3ABk9SR_jk0JLZZQ,0.15,2025-03-03 00:00:00,2024-25 Donruss - Optic Red #177 Yaser Asprilla,55.0,27451166.0
413770.0,2024-25 Panini Donruss Optic Yaser Asprilla RC RR Blue Prizm 141/149 #177 KT01,$0.15,"Mar 3, 2025",triumph_sportscards,815,100,https://www.ebay.com/itm/396238976216?_skw=2024-25+Panini+Yaser+Asprilla&epid=19074958339&itmmeta=01JV4JM69NXB2G6Z3SWBK6NPZZ&hash=item5c41aef4d8:g:F0kAAOSwKkNnu02j&itmprp=enc%3AAQAKAAABAFkggFvd1GGDu0w3yXCmi1d6k0jMtPU7RI8HXrKKgIQ2f8opTv6TInDYeNrOWK4h3UoLZeS55xDwP0kbGL4rYr3M%2FMBMdfSOMBWJKduNLnfwrTAs9Q07TxtYO%2BfuOEak7h5JFQtdW8n2Atcn2s1RC8JW2igE0w1Dg5JGJCjmlUv4ejFbinLT82mAslinKRrOmsi6mb1gmYYBjEn3NdKZbP6a0pTFjcChG1TQc0nIg4BYJo%2B06wiQGiOGEfTnx62QObNnydSlT1jblOmhsiDcMzxVvXTHsZFuTutjZWL1BwR3hMhQx1tS4ckSnZxnTZKWPhwPAPhsxG8CSrnZuhttmK4%3D%7Ctkp%3ABk9SR_jk0JLZZQ,0.15,2025-03-03 00:00:00,2024-25 Donruss - Blue #177 Yaser Asprilla,55.0,27448718.0
413770.0,Yaser Asprilla 2024-25 Donruss Soccer Hobby + Int - 4X Box Player BREAK #10,$2.49,"Mar 2, 2025",north-of-7,165011,99.6,https://www.ebay.com/itm/226622192667?_skw=2024-25+Panini+Yaser+Asprilla&itmmeta=01JV4JM69NGWGYSB6Z0710PNF7&hash=item34c3bc3c1b:g:jeMAAeSwnIVnwT87&itmprp=enc%3AAQAKAAABAFkggFvd1GGDu0w3yXCmi1ed0dipTTV12iZMq2JJSfNSOcylHUkitQEgSr9wrLHfGX09qIJLPrBn2ZW%2BFvzkwgPw4uJkbubfoTDzUR%2FKrB1Nc2NLytqpgRk1WpGA9u%2FJGU985s1cGpzOX%2BmuGE5TULnz7n5W%2BDXbYGJkLn49sJVoMv0bZKrMcX0gkZLVcKvtOHPR3PN6vdxGDzF%2FBsc5Z%2BZAXetYji8RUf2QCpxzblqDpW5vbOMvoiU8GMUy8oLCcC2KF%2F8ODr%2B6tpQGD7ybs0PFpVbUJMCchVGyDJEwgX35xD%2FyiXYdnZ0xmRgDLkfN5K3dv4DV%2BB2sAgqcdUklQiY%3D%7Ctkp%3ABk9SR_jk0JLZZQ,2.49,2025-03-02 00:00:00,2024-25 Donruss - The Rookies Black #1 Yaser Asprilla,40.0,27737660.0
413770.0,2024-25 Panini Donruss Optic Yaser Asprilla #177 RC Rated Rookie Red /299,$0.99,"Feb 24, 2025",murozond,35258,99.5,https://www.ebay.com/itm/365409901644?_skw=2024-25+Panini+Yaser+Asprilla&epid=5074965940&itmmeta=01JV4JM69NCASG13DW877Q32WD&hash=item5514209c4c:g:cSkAAOSwkGFntpe~&itmprp=enc%3AAQAKAAABAFkggFvd1GGDu0w3yXCmi1dysHvvOf6xfL%2BWdX%2Fe4%2B6j8v49h1VCdEFxdKaKFrdit1DiZ%2BIteae4tvjMdz8ZfV0rYtFPyACzG%2BLFrie2igIlVkxCyewlT0sKKY%2FBuL8NoWkUgVnPUAUXDzW7ae8Bl3sc8zMVld9exEIXtp7k2buaIJcDxcWSp85G88g8kP4cHbqZhi%2FunBUi6dWIGimNX3Ci82Fs7eTjSWX%2BPTKToVZCurfGPUqkRXvrhsjPrcIs%2BSY1EnSxuswSyZZH9ZvMkYne%2FfWw7%2FkgNpGZD3iyjv5YZJ2yaBtxzTOfCgdCjf29pDoFjGUCaPS%2BpNZQPtQBlqw%3D%7Ctkp%3ABk9SR_jk0JLZZQ,0.99,2025-02-24 00:00:00,2024-25 Donruss - Optic Red #177 Yaser Asprilla,55.0,27451166.0
413770.0,[g]2024-25 Panini Donruss soccer kit series-RC Yaser Asprilla,$1.00,"Feb 22, 2025",rex-cards,2741,100,https://www.ebay.com/itm/286328270127?_skw=2024-25+Panini+Yaser+Asprilla&epid=23074964797&itmmeta=01JV4JM69NTVK372P02CG9NAGE&hash=item42aa7ead2f:g:ikYAAOSw6R5nryPs&itmprp=enc%3AAQAKAAAA4FkggFvd1GGDu0w3yXCmi1eYF8LWFV7HLBa5ofXImSS77ZtgMiQUVZXoRV%2BY2IzJ8UeXUpj6u61EDjCGvV%2FR9igacAJjd414mYtARjzwR1K%2FXY94uzYM2caDx%2Bei3GLZ%2Fdkt2E3wFEe7xKY40geBFSZIubwr48OqCRaQh3ULbkMap46TFvWf8RxP2HRyp4wYgYiOfW2lxoOSROgLMa%2FKF9fOefcCC%2BNk3rWaVsPPn6trXuEkaFQzZ0P7%2BXROxTDljEn8wZQ8aC2owAokNzPY6UhBkEYkXzFYTHITQ75ESHUC%7Ctkp%3ABk9SR_jk0JLZZQ,1.0,2025-02-22 00:00:00,2024-25 Donruss - Kit Series Black #KS-YA Yaser Asprilla,40.0,27859044.0
413770.0,2024-25 Panini Donruss Yaser Asprilla RC RR Aqua 118/199 #177 KT01,$0.40,"Feb 19, 2025",triumph_sportscards,815,100,https://www.ebay.com/itm/396200840185?_skw=2024-25+Panini+Yaser+Asprilla&epid=2346004027&itmmeta=01JV4JM69N4JHE25RYVFJ5M32W&hash=item5c3f690bf9:g:M7IAAOSwW7dnq4RR&itmprp=enc%3AAQAKAAAA4FkggFvd1GGDu0w3yXCmi1dD7MVrzrmO9eYkbdWUe2ZIkGocNT5dcwwaLDRCttMa1q79KNcKXQAkvnekGwyiR2XOG9Iz%2FHIsN7veqfEv%2F7NMTO3FSYIrerVfwbz5hOhMgh2rhOPNppfuC1VA0UCWbZpH%2Fvg3EyyVR%2FYi%2BoawYZEerXNaNCPcTTvcXIoyejJSn7uiYI1%2FySITjE61JvXuFU5WxvWa%2BoyhvatUDtgXQQiED2joXk%2FmZAFiZNWhDEIjyJZw524V1kfmEK9TwLXdyy5%2BMy%2FPSPiLOB6SMKGWrDNt%7Ctkp%3ABk9SR_jk0JLZZQ,0.4,2025-02-19 00:00:00,2024-25 Donruss - Black #177 Yaser Asprilla,40.0,27449738.0
413770.0,"2024-25 Donruss Soccer Rated Rookies #177 Yaser Asprilla, Colombia",$1.49,"Feb 13, 2025",ptaspo-98,7287,99.5,https://www.ebay.com/itm/235928904725?_skw=2024-25+Panini+Yaser+Asprilla&epid=23074964797&itmmeta=01JV4JM69NDYB5NC5SQ3N6TBNS&hash=item36ee756415:g:bDoAAOSweqlnlDkO&itmprp=enc%3AAQAKAAAA4FkggFvd1GGDu0w3yXCmi1caTHFUtkRyFjW69zfCGR%2Fx%2Ffe3QtW6JVAaJiFWR6IVtuIulC3w9We8aMp%2Bo52LHwRPy4%2BlMk5LdstLSe%2BmA3ibFmRWFjew%2B83M5jK59qmkcQdk3iMlLSqiG0PBgZKEAJ9lvT7n7yqigAO90yOGzgvtXQBs9Pq4b%2FSpN6IK1Qg8gF4fW8SkIVZVkfqW76ewQZT4hhJDDxqu6XFd%2FairS%2B63xaYdUcCKOG%2Bzyw4KIbXr7S6MaxQKHYnmn2c%2Fra5Ohy05XlJjsBJeYsEsJVw%2FgAjf%7Ctkp%3ABk9SR_jk0JLZZQ,1.49,2025-02-13 00:00:00,2024-25 Donruss - Rookie Kings Black #17 Yaser Asprilla,45.0,27737811.0
413770.0,2024-25 Donruss Rated Rookie Blue Fool #177 Yaser Asprilla RC /49 Columbia,$8.49,"Feb 25, 2025",jomart334,973,100,https://www.ebay.com/itm/197048066679?_skw=2024-25+Panini+Yaser+Asprilla&epid=2346004092&itmmeta=01JV4JM69NWR1K2TQ9QC43K9Y6&hash=item2de0fae277:g:GmwAAeSwIEBnuz~f&itmprp=enc%3AAQAKAAABAFkggFvd1GGDu0w3yXCmi1cD8GoRGpbTFjFWKcs49kohwWXNZ5%2Bgii4MJrazg1%2BHo9N5KMNjrezx7LXb8j7BUeqY8aeZ7O3PPokJYcAECBJavEqFr%2FOxduxDeQvjjbaDcLY7gLQzDpaB7k4EZxzRWfQWFyAFlGWNW%2F0PcZwjZ8vba2OQb4IpjpIAFpjbnK8iyUWOLjjUrV3mCcz5Pyh1gpeiU4VascBtBP7n3EkCChNgO4EslOmsFbWFcsTxI%2BRC4CQCPkvL7EU%2FWjAmq8Ldbt8EpvSAjfMXHi5hXRQQ9v6%2Ba5X%2FPWTbi7TDAa53ikPfeXtiYEn9gimDFocC5VXqMGo%3D%7Ctkp%3ABk9SR_jk0JLZZQ,8.49,2025-02-25 00:00:00,2024-25 Donruss - Blue #177 Yaser Asprilla,55.0,27448718.0
413770.0,"2024-25 Donruss Soccer Rookie Kings RED #17 Yaser Asprilla, Colombia",$2.00,"Mar 10, 2025",gust0-collectz,34,100,https://www.ebay.com/itm/226626991846?_skw=2024-25+Panini+Yaser+Asprilla&itmmeta=01JV4JM69NYVEQ1TJXRQNSXFNE&hash=item34c40576e6:g:rWYAAOSwP5FnxR1J&itmprp=enc%3AAQAKAAABAFkggFvd1GGDu0w3yXCmi1cCQsQR7r4bn0F1ozaPcsNT5p%2BpUFNPY%2BVXx2t0CEG3aEQnAx7I0VxTyVpakMkEVoxwYfVbitG%2BkHU2A2rnkhpuY4kzsw8XHajucmI0vgIGZQ2rLZJyqfeLeE1KXU0wF6%2Fq3PCSysCqA%2F7Kj6YRng%2FwJ%2F2raCpFtlDhdvfrF7SESDrZzx6P%2F4HvFs%2FduywTjXDBAXG5zg6bP20UbeDnL3f8wKvoFg91t%2FerR7sIFXrkBONtL65wTbdoq7cLYndqYqPKNiH7tEibMW6X5882%2FOfga3op%2F8CAeCYT6%2FynasPqJwb5k0YtwFu6B7u1SK6ombs%3D%7Ctkp%3ABk9SR_jk0JLZZQ,2.0,2025-03-10 00:00:00,2024-25 Donruss - Rookie Kings Black #17 Yaser Asprilla,50.0,27737811.0
413770.0,Yaser Asprilla RED Rookie Kings #17 2024-25 Donruss Colombia,$2.00,"Mar 22, 2025",mjbsportscards00,453,100,https://www.ebay.com/itm/146449012442?_skw=2024-25+Panini+Yaser+Asprilla&epid=9074950894&itmmeta=01JV4JM69NS55X9SRMS77KXP1Y&hash=item22190a96da:g:oOQAAOSwWeNn1AQI&itmprp=enc%3AAQAKAAABAFkggFvd1GGDu0w3yXCmi1dfM%2F5lll7svdx8Ik8nbPr4BNqwiCuJ0wAnJdHOw3lyqPpQpzDlIiOkTTlqW0WL9a741HR9uqrgrWfwnWw6hIN6SBH1jsBISHYDAOMbwDQbrLMIuWAroC5aXvJk6%2Fsl4D2BHI1cA%2FWd%2FyKZEPE3DxhWmO5P5X%2FcuZnE8BQqUOzqhy%2B86nFGfg52ThJO7Sn2dEdqs8%2BehNW%2BacP5kNw7ptDEvMb6Jzhk9SlPwTkGAkCA0CQyvlER4iRZVD%2FNjZsmdiUfronWXOXFzKq0B44hP%2FRGh1Gx4dO6CDHXQo%2F5OesSjJjr8wU8hPsTbi1qRWd4Z%2BI%3D%7Ctkp%3ABk9SR_jk0JLZZQ,2.0,2025-03-22 00:00:00,2024-25 Donruss - Rookie Kings Black #17 Yaser Asprilla,50.0,27737811.0
413770.0,2024-25 Donruss #17 Yaser Asprilla Rookie Kings,$2.19,"Mar 7, 2025",dootzcards_ig,1690,100,https://www.ebay.com/itm/335808754265?_skw=2024-25+Panini+Yaser+Asprilla&epid=19074958253&itmmeta=01JV4JM69N5A0MXNRVK0XG490C&hash=item4e2fc2f259:g:QpIAAeSw-z1nq9nF&itmprp=enc%3AAQAKAAAA4FkggFvd1GGDu0w3yXCmi1ctyAKLMxwVV0oInpWTNryqtgGjETVjVB7BxfywbRe21x5gKZecCzN4Jnysq7hQZeQx8IbUnJP1G2T5jXKVJ%2FH7OwPF9U1NMdY5eVIgSDGClwNqqTdr6OiNJBOP0DELNu%2FoXyjcGyesIoHaLxq%2B94q4sDwApvo7uoDGI5MoycaJaIzcqavAWs2lhNfJvOpWrdso6WrQrbhxIEaC3x9a51zyegV1oAfhfNRsrth14T3Kto3Rnk1YqgXOV3xUXI%2B%2FOBErRbhLYYDQjYPGpZFK%2Bdg1%7Ctkp%3ABk9SR_jk0JLZZQ,2.19,2025-03-07 00:00:00,2024-25 Donruss - Rookie Kings Black #17 Yaser Asprilla,50.0,27737811.0
413770.0,"2024-25 Donruss Soccer Rookie Kings #17 Yaser Asprilla, Colombia",$1.49,"Feb 13, 2025",ptaspo-98,7287,99.5,https://www.ebay.com/itm/235930278742?_skw=2024-25+Panini+Yaser+Asprilla&epid=19074958253&itmmeta=01JV4JM69NCM5QF1VQK9DPZDJ7&hash=item36ee8a5b56:g:Es0AAOSwoyVnlYUX&itmprp=enc%3AAQAKAAABAFkggFvd1GGDu0w3yXCmi1dSX5WakxnbGY0qW%2BkOPAoY8RcyOLtPeObJGtmGQ4jSO4dkizV9NGdzSC9suwHO%2B0snJCJD%2B1EqCDndUazZ%2BgaV6TEExzjL6jug3MZkJjoNdokl4G9OrQueSty7sLz8hFCidLMpqCuX4E6ro4pOu6oBIFWtkhOextIE%2BFyD2NC77xDCbh06jyTMr07YeS7uICWtzNRQUGZOdzZ%2FGD9JFecx4ORRszlV6Z17zCuZ0caS6uM7lB3dvkTj7OslVAj4yRTyFBJF74gAdtRjlO10nRrX%2BTyVuUv0Ok2qdy%2FJ5gBdHAOtvbdJvHrLy23WefHkN00%3D%7Ctkp%3ABk9SR_jk0JLZZQ,1.49,2025-02-13 00:00:00,2024-25 Donruss - Rookie Kings Black #17 Yaser Asprilla,50.0,27737811.0
413770.0,2024-25 Donruss Yaser Asprilla Rookie Kings RC Red #17,$0.99,"Apr 28, 2025",dcsports87,846623,99.8,https://www.ebay.com/itm/376181604069?_skw=2024-25+Panini+Yaser+Asprilla&itmmeta=01JV4JM69N6WJQD4JA8AX9YYVQ&hash=item57962bbee5:g:RhcAAeSwuIFny1y4&itmprp=enc%3AAQAKAAAA4FkggFvd1GGDu0w3yXCmi1dp7%2BsfmKYXhPHe0AVnPfYOG6E%2FsyjRt5HtvMwQ2%2FsEQ%2BqqS3fDdPSmGczeFkPHCnDccDcSduDcKCEveyp9oVRq4AUsK%2FpKVXf7mBASHamQelML00T4%2Byg%2FG%2FSwsFoXfDLSNVbgKFm0bdkhg8tktRhCbiuNsfrPSmwaWD9kO%2BXhf8VS6EHxlOXbAiQCkoEDfjJbWtBcFnwsjoafyYkzaRFcd39Vkn%2B6H3eHoraDTazpA7rgVXqMI1g99bZVdqL%2FS4EOSZHrnIcmiZ7p2ZlqYCXM%7Ctkp%3ABk9SR_jk0JLZZQ,0.99,2025-04-28 00:00:00,2024-25 Donruss - Rookie Kings Black #17 Yaser Asprilla,50.0,27737811.0
413770.0,Yaser Asprilla RC Donruss Rated Rookie 2024-25 Silver Cubic Foil #177 Colombia,$0.99,"Mar 12, 2025",icepackcards,144,100,https://www.ebay.com/itm/167357974737?_skw=2024-25+Panini+Yaser+Asprilla&epid=17074960295&itmmeta=01JV4JM69NAJ9HZKBY0N0S6VFR&hash=item26f75008d1:g:spQAAeSwDq1ntXDL&itmprp=enc%3AAQAKAAABAFkggFvd1GGDu0w3yXCmi1dR0FuCMICPrmPAe2iXsM4XWEmoquUgr213CxCfgR20B2wIBP9%2FhQ%2BWOUwVKzUsbqp5ga1AONJl6mTvNwZf%2FaFUx4J9H9WbcjYzEDYfhm6bo6OBn4QcLiS2vudiRrUh9yUzm0WAICa3zyv3dnI5feZhInn8Ny6acNEP6PQE4l3KJxHpX2hf%2BmlqbglyhpgsfV2MhM9Phbv9%2FDEUU72F3IXK%2B20K3bp03Do8FCbhHVnwNC4CnINJbE3VUOkqd8wwu0PsuxrWIHsPNWa5rqwLpFlT6tbkc8mfLyczEKHvPjHhzF1ogAMubmlbC6FsxzqFQNM%3D%7Ctkp%3ABk9SR_rk0JLZZQ,0.99,2025-03-12 00:00:00,2024-25 Donruss - Silver #177 Yaser Asprilla,55.0,27453614.0
413770.0,2024-25 Donruss Yaser Asprilla The Rookies Red RC #1,$0.99,"Apr 28, 2025",dcsports87,846623,99.8,https://www.ebay.com/itm/127062733032?_skw=2024-25+Panini+Yaser+Asprilla&itmmeta=01JV4JM69N60NMH1GYJVV997MS&hash=item1d958770e8:g:VpoAAeSw2vVny1xq&itmprp=enc%3AAQAKAAAA4FkggFvd1GGDu0w3yXCmi1fv6aozTA7KEKlvMOmGAsz3p%2BQkNBZ%2BwRMxtoxkCC6iy2CgiGX3Rpx9v3Ss%2Fy%2BtV2a6Hi95G2FyqhngNRy8HtpE6crlCZg%2FLRu1ZegyaT0l6U1Hl21Nq36qz%2F%2BBZ9zMPE89X0MtMOV%2BM2pBduvBCkBulgJOK6I9sW01e2QVZYvQSW9u8UhAKiuoOpsT3J1b10FKKpyr2P4V%2FtgJaoXvRz7Qhn3jrx621dY7yxVFX7yPaU4dPpNeUjXyOzZGRHhu9puM74vY4fdXORoVRQZN5cEd%7Ctkp%3ABk9SR_rk0JLZZQ,0.99,2025-04-28 00:00:00,2024-25 Donruss - The Rookies Black #1 Yaser Asprilla,50.0,27737660.0
413770.0,2024-25 Donruss Yaser Asprilla Rookie Kings RC Red #17,$0.99,"Mar 17, 2025",dcsports87,846623,99.8,https://www.ebay.com/itm/376050211046?_skw=2024-25+Panini+Yaser+Asprilla&epid=9074950894&itmmeta=01JV4JM69NVXMVXM8Y7WC7Z9AC&hash=item578e56d8e6:g:RhcAAeSwuIFny1y4&itmprp=enc%3AAQAKAAAA4FkggFvd1GGDu0w3yXCmi1fJa0tFCcUh5t0m0K910VRLE2be2X3LicMzJcg%2Bs191Jx8%2BIsnUmkkHVxcy3ZOO3WEXWtAH1UY%2FS%2FB9ccLKmaFa5X7epxIKLal5EbFx%2FFbEhdrnFEuthM0P6cs3n7dxUj4NWgc1EVyGIrLwm7kmtditjqAWwvD%2FYXcCihO8fIqh%2B2R21GJgQ4RMNDF2jmbpiqRFxL%2FV5Op2CmpCl2j5tKRaSoi79LjXzaFASmHXDAQaTR78wDdR9FxtOsfcGmD%2FEqj5mbUMpUTIH50aD6RN%2Bcx7%7Ctkp%3ABk9SR_rk0JLZZQ,0.99,2025-03-17 00:00:00,2024-25 Donruss - Rookie Kings Black #17 Yaser Asprilla,50.0,27737811.0
413770.0,2024-25 Donruss Yaser Asprilla The Rookies Red RC #1,$0.99,"Apr 7, 2025",dcsports87,846623,99.8,https://www.ebay.com/itm/376108184057?_skw=2024-25+Panini+Yaser+Asprilla&epid=12074942214&itmmeta=01JV4JM69NEBW7ECZN99ZPJMDX&hash=item5791cb71f9:g:VpoAAeSw2vVny1xq&itmprp=enc%3AAQAKAAABAFkggFvd1GGDu0w3yXCmi1fxvhRgp5OQxoSXw3%2B71CEwVQMSaiBLVeCEnWLokcySdd2hkFNbL9%2FsgDk0gdK%2BnqSWq3mRef2UzRlqHljtg1EWclRNk3uP5hUvfCnba3Z3SEfifsBbEzApDQKH7DM9tKSn0RBqL7%2BfIrgA6LlMeA7YN4Wqg695GssyUQW%2BmGAYCcmbmEHVVhk2LqEcAaX9N7iQ2L4MNEimKps2VJ5e7p5Ku%2F3UwutHU22mbDL9AQb638PnlkqcB7ysWxUxiQOGqLNI01Xa%2BzaRt7WB19JeTeL53UBH2zxhvdGvtLG5cODgQexxG9pr5flcyOWHcrAaVz8%3D%7Ctkp%3ABk9SR_rk0JLZZQ,0.99,2025-04-07 00:00:00,2024-25 Donruss - The Rookies Black #1 Yaser Asprilla,50.0,27737660.0
413770.0,2024-25 Donruss Yaser Asprilla Teal Rated Rookie #161/199,$0.99,"Mar 17, 2025",dcsports87,846623,99.8,https://www.ebay.com/itm/376063651925?_skw=2024-25+Panini+Yaser+Asprilla&epid=2346004027&itmmeta=01JV4JM69NVS858FPM6ZNV0HGQ&hash=item578f23f055:g:pa8AAeSw-pRn0dna&itmprp=enc%3AAQAKAAAA4FkggFvd1GGDu0w3yXCmi1cJDKoPVY2yT68IIVlcjveiI%2FHd3uChngYC8W%2Fxt7OprpgTp1iSy7wRK3C133uedTfeH3CNVDGvHxdNpr3BViIywxZnUp9FxRcnMYdfm1lyA5N1Np50fDXU9uVBTZ0IRm7mULBKiOeBwEKFCkN7mi%2FpMo7SApM2W5iWhgcLUbfHCvus2F220%2Fm1Wjj9GcekD61u88vbd3CJjitoUa62AUHTw7pTsGFnjQvvyQPgx%2FNxnKh7S%2FKb1fw0YgNVJh%2FaDr3QKJ5wO%2FhvOw0xJ0J8Fz98%7Ctkp%3ABk9SR_rk0JLZZQ,0.99,2025-03-17 00:00:00,2024-25 Donruss - Teal #177 Yaser Asprilla,45.0,27447698.0
413770.0,2024-25 Donruss Soccer FIFA Yaser Asprilla Optic Gold #/10 Rated Rookie Colombia,$75.00,"Mar 22, 2025",xrayed1985,483,100,https://www.ebay.com/itm/306181784880?_skw=2024-25+Panini+Yaser+Asprilla&itmmeta=01JV4JM69NBEDKV0PBTMSRY2AQ&hash=item4749db4530:g:Q7kAAOSw0AFn1gPx&itmprp=enc%3AAQAKAAABAFkggFvd1GGDu0w3yXCmi1cnUk3eGHAeUW%2FqyU9O%2FZ2Q9TausXYxcg57UYpz4hBHBaEj%2BVBQtkC85P2kVi7Z8HMniL11ahdO1C1Oj%2FiwTWv0dSapcUCTm%2BT7yIu1u3Dvr29ETmQCVXsOngoprbZxwWk2H7O7vm11FXcG5YapreHPeNszaF%2FinQrclapumCJQ0quDBgX3YM94ZSb2ecUDv5WpEYl0%2BTYqDpAkZx8u%2Bq0%2B%2BK9GKdTSkVjYHrfTNR2o1X6nxeuk1e5kyxaPIykRsZcBxMoK4lFp%2BO1%2Bhixu9%2FYYEkKG%2B3W9BHOusnsYeJ1o0FKXKifon80XwoynvOPMeS0%3D%7Ctkp%3ABk9SR_rk0JLZZQ,75.0,2025-03-22 00:00:00,2024-25 Donruss - Gold #177 Yaser Asprilla,45.0,27449330.0
413770.0,2024-25 Donruss Yaser Asprilla Optic Holo Rated Rookie #177,$0.99,"Apr 28, 2025",dcsports87,846623,99.8,https://www.ebay.com/itm/376181603236?_skw=2024-25+Panini+Yaser+Asprilla&itmmeta=01JV4JM69N31RBSV4097R1VMPE&hash=item57962bbba4:g:RkMAAeSwKoRny1zl&itmprp=enc%3AAQAKAAAA4FkggFvd1GGDu0w3yXCmi1dTqp%2BUnsE%2FPEJmp4cj2i2qd9a7HHgX3%2F2b6SV1I28DEtfICFZRD6BxRUBExuK9okJZ%2BODI3Babgo3iZTu2%2Bo%2FORetCbIB0sr%2BZserxnEtLIQX%2BGe5Js4mdc7AnnsizaijaQY%2B85L1kE8WjvpDp%2F%2B86%2FjjArUG9iq%2FmW6Idnu9PaPbPFzXlWu8WK7lLQXHtFlDfASQyKcVFMJGWo%2BOr8lFaFGZKGhy0%2F1%2BL2DKMj8N69fsau%2FSKeGHocd%2FWtd6bWBlZY3LTsJCuYdDIhwJNCYbX%7Ctkp%3ABk9SR_rk0JLZZQ,0.99,2025-04-28 00:00:00,2024-25 Donruss - Optic Black #177 Yaser Asprilla,47.0,27453002.0
413770.0,2024-25 Donruss Yaser Asprilla Optic Holo Rated Rookie #177,$0.99,"Apr 7, 2025",dcsports87,846623,99.8,https://www.ebay.com/itm/376108184171?_skw=2024-25+Panini+Yaser+Asprilla&epid=10074965875&itmmeta=01JV4JM69P7EQWDA6J4XDTN20R&hash=item5791cb726b:g:RkMAAeSwKoRny1zl&itmprp=enc%3AAQAKAAABAFkggFvd1GGDu0w3yXCmi1eRog97cFFm4zMz6iHYVn61rDusYmhzmO5pyY8dMZAU2sePzH9EXYmVK5vQphCygsRITgSRiYdhJTvWHDRLIk5w36GvRE6GzDCE4lbxIAWOo5fXEsmY5fdGg7H%2B51pA6KGPiF9FT26HF7myNpWa716V4631r9N%2BXXKd5SNeTC4KFJrOZmVdm9Ha7cet9GpxEt9h%2BC3FqTOqURBM53YK0gvckSD61rSSTzzkXlKU90vgRNk%2Fhj48t6wL%2BWWQd6WkDf4wHFNUsnu0RBPX4pG%2Fm9Gm9tVzGHY2iBtIccpqsRSfQRsLde762DCHjhL7jDlXtiQ%3D%7Ctkp%3ABk9SR_rk0JLZZQ,0.99,2025-04-07 00:00:00,2024-25 Donruss - Optic Black #177 Yaser Asprilla,47.0,27453002.0
413770.0,Yaser Asprilla 2024-25 Donruss Soccer Optic Rated Rookie Red Prizm RC 104/299,$1.00,"Mar 30, 2025",pc_sportscards,195209,99.7,https://www.ebay.com/itm/156819363238?_skw=2024-25+Panini+Yaser+Asprilla&epid=5074965940&itmmeta=01JV4JM69PW1VK3F2ACR76TY28&hash=item24832995a6:g:l9YAAOSw2VVn3h5O&itmprp=enc%3AAQAKAAAA4FkggFvd1GGDu0w3yXCmi1c%2FJsQwGYo0i2c1y9Ps1ni9cafHkzrkWOu6VXg9QZgF3kT4vqZojBxzxHm%2FOg9u%2B4G2i3baBuqlf1Yl2fSEVxCSg7U%2FWIGY8Kon%2FSX%2BQa4xal3rKjs%2FBP1VcjQOS7pqwShJrIwo9D77J24qYQcFZ5HJuiXDb2WBBxiAC%2Flah1x2LtzSPGU8bmgRk3FsB%2BETJZtGrVXAkutT72U8sOSVBKPI8kAbqi%2BqJCCwkgcFslpjtoVimxXT2Q14SXlcJS0BePBDiNbhYWl%2BKBAwH6tjGd8V%7Ctkp%3ABk9SR_rk0JLZZQ,1.0,2025-03-30 00:00:00,2024-25 Donruss - Optic Red #177 Yaser Asprilla,45.0,27451166.0
413770.0,Yaser Asprilla 2024-25 Donruss Soccer Silver Rated Rookie RC #218/349,$0.99,"Feb 18, 2025",pc_sportscards,195209,99.7,https://www.ebay.com/itm/156692852801?_skw=2024-25+Panini+Yaser+Asprilla&epid=3074959186&itmmeta=01JV4JM69P8R1Q9HKXHTND8CZ9&hash=item247b9f3041:g:BSAAAOSwaL9nq8kN&itmprp=enc%3AAQAKAAABAFkggFvd1GGDu0w3yXCmi1ff%2FFM%2FsPmzR8zovd%2B4RiolqGFZlMnNsAprmlb0sh3oQOvU7nq00kanEU0EDOgRfZIiUr%2FWLzs9ZfIu8OyaNHKgJsxSfzlCblg3QnCZ7XVbP9ZlTBzgZqGJCHkL%2Bv5czhFBrz3BrxKuPVUIkcrYXrcHQnNP7W%2BJ9vswkkMM4E9Gu%2FuB7kTtqGA1AKqijURyn%2FOeIYybMYR5kvq2OX2pJQwu8dK%2FzIWMB%2Fb1HPyHNJpsVlstdd5YdQMtkyUpGFSLBGr6Dv4cFE1MUBC3lp6IDZjo%2BcUgoDqn33b4Np%2FdVxrEbWj7lOT0w7E37jMnVHbDx%2B0%3D%7Ctkp%3ABk9SR_rk0JLZZQ,0.99,2025-02-18 00:00:00,2024-25 Donruss - Silver #177 Yaser Asprilla,45.0,27453614.0
413770.0,2024-25 Donruss Yaser Asprilla Rookie Kings RC Red #17,$0.99,"Apr 7, 2025",dcsports87,846626,99.8,https://www.ebay.com/itm/376108185423?_skw=2024-25+Donruss+Yaser+Asprilla&epid=9074950894&itmmeta=01JV4JMSZ6GS5V76NEP3MBTXBQ&hash=item5791cb774f%3Ag%3ARhcAAeSwuIFny1y4&itmprp=enc%3AAQAKAAABAFkggFvd1GGDu0w3yXCmi1cKwJfiRWkNDwRKs2%2FjEQK31tbRPe7hAYOoLR%2FSwdXwqThmLd%2FUVMkDYd%2FIpGsekAKPwJPAbB1thhyQnjojkK0lcMesfB1hOVZdESPdUgs5UoyN%2BfkY%2FWi3ak3V45RovhTaBv4Y9uT%2FlOxHCOFizTcX8sSDQ5--0k0nroiD58uejGPpa6YaKb7ytNqFBmSYGJg%2BsoV8er0bR5CCLHhzjG6MCwJXSGW%2BhdH2PEpYGkAC96Dfse9zpPdn5vqQEIGIFUqvaCK06%2BwgQ4lnYCE1YbNLmW0IbRxI8jQUcJ1d3usQkB3%2BXpKdEfTIn3zL5%2BxDPlw%3D%7Ctkp%3ABk9SR9yf05LZZQ&keyword=2024-25+Donruss+Yaser+Asprilla&sacat=0&relatedSearch=true,0.99,2025-04-07 00:00:00,2024-25 Donruss - Rookie Kings Black #17 Yaser Asprilla,50.0,27737811.0
413770.0,2024-25 Donruss Soccer Yaser Asprilla Rated Rookie Optic Gold #177,$1.99,"Mar 26, 2025",fonofre10,26,100,https://www.ebay.com/itm/176943581444?_skw=2024-25+Donruss+Yaser+Asprilla&epid=28074969770&itmmeta=01JV4JMSZ64WZJGHG5V2GPKSQT&hash=item2932a8c904%3Ag%3AnxAAAeSw%7E5dntsx5&itmprp=enc%3AAQAKAAAA4FkggFvd1GGDu0w3yXCmi1ceQpMhNMKyJ820VrinxbV3KY6Yo72B1xIKSGdXFbCNHnD0Lwl5G7FtNMI5287eaq86iyE0itFpn9AhfZL1jN7r5OPEHd8Kfzxbn2ofqYhBgd%2BDXtlxlmCjIZTwxCOy8ZtqPrG7DTHz1wRmEd8kYgz6A1nvnShgR1gF5BWoAOBwmGEXST9dVoA4dUtvKzrxQfw3b8W5GMTQiSe1Xouql8K%2Bx%2FaA04Gv62rvXr7znFyY67SF4pnR4q%2BucH38JDz9vYtYP5GWPGVgg6gWn2hdCeVG%7Ctkp%3ABk9SR96f05LZZQ&keyword=2024-25+Donruss+Yaser+Asprilla&sacat=0&relatedSearch=true,1.99,2025-03-26 00:00:00,2024-25 Donruss - Gold #177 Yaser Asprilla,55.0,27449330.0
413770.0,2024-25 Donruss Yaser Asprilla The Rookies Red RC #1,$0.99,"Mar 17, 2025",dcsports87,846626,99.8,https://www.ebay.com/itm/376050210753?_skw=2024-25+Donruss+Yaser+Asprilla&epid=12074942214&itmmeta=01JV4JMSZ771Q5WNRJP7XCK2R1&hash=item578e56d7c1%3Ag%3AVpoAAeSw2vVny1xq&itmprp=enc%3AAQAKAAABAFkggFvd1GGDu0w3yXCmi1ewqJ%2BlYxigJTl%2B%2FjerV2XjJEtbbIFlOcEnyyjYzEu7e06aIl1s9AR6t3HMDNM5tnTKFnEhWgZBaMRPjzq7iAWeRaTEOmNhfEGnamFG%2F46Pf0LwnuPQhCh%2Bo%2BFxnXrME1sSNaNkBOCmBgNSpmmblVFjBQ5pFJpfe6h%2FV0eTxan%2FAHjr8fgBAd5YRGXlsnAuyK4hqm2zstDus1UpjQQA%2FbNhFDeZnCxf8WjOJzClUE3sybdwKM%2FqxQsrRSMQidIb2b1TjHka97O1CN5UatDjjHc5lOoX43%2B8TsZCqJJuH1BoWh%2BxEbTKZ4nSHhauhjrva4k%3D%7Ctkp%3ABk9SR96f05LZZQ&keyword=2024-25+Donruss+Yaser+Asprilla&sacat=0&relatedSearch=true,0.99,2025-03-17 00:00:00,2024-25 Donruss - The Rookies Black #1 Yaser Asprilla,50.0,27737660.0
413770.0,2024-25 Donruss Yaser Asprilla Optic Holo Rated Rookie #177,$0.99,"Mar 17, 2025",dcsports87,846626,99.8,https://www.ebay.com/itm/376050210682?_skw=2024-25+Donruss+Yaser+Asprilla&epid=10074965875&itmmeta=01JV4JMSZ7H7WACTWQEVW2BE1G&hash=item578e56d77a%3Ag%3ARkMAAeSwKoRny1zl&itmprp=enc%3AAQAKAAAA4FkggFvd1GGDu0w3yXCmi1edIfkkN4zZv8YpAteOr3Q95wF2aLglL1dEbIbNErwKMQ8A3Mg22G66yILx2OrP6llT5wpWD%2FhAWD0USbmnc69pPrZj7nd4g5xHyxnOblA5X84KHpK1tEtWg%2FqhVQnRlxcS8pSQImThyb83LIpEgAUwaxrlCsGISIJuK5NfHcnuqJIzk631VGybCQd2r9eHmNlkxiwQMaAXAZdlnVdmEE5PL6%2FYF7%2BYjVT94d13F36xO6EmswVbDtKDmSCkmiCRuYYYKMDDNtP0zI%2B5ZjBODIRW%7Ctkp%3ABk9SR96f05LZZQ&keyword=2024-25+Donruss+Yaser+Asprilla&sacat=0&relatedSearch=true,0.99,2025-03-17 00:00:00,2024-25 Donruss - Optic Black #177 Yaser Asprilla,47.0,27453002.0
413770.0,2024-25 Donruss FIFA Matias Vina Yaser Asprilla RC Kit Series Jersey Lot*2,$6.50,"Feb 15, 2025",metaverse_cards,24240,99.8,https://www.ebay.com/itm/156687627754?_skw=2024-25+Donruss+Yaser+Asprilla&itmmeta=01JV4JMSZ7JPZ7SA8TVZXC83CY&hash=item247b4f75ea%3Ag%3AEhYAAOSwsUxnqYjO&itmprp=enc%3AAQAKAAABAFkggFvd1GGDu0w3yXCmi1eVSiH0ZvXu8ZqvdwJiCtqS0zC6IMEx9pNGqQyqxYdbrCuUGuYl1cQ9Cn8aIaRHuMJI7dtYLJD1BJhywfd2eOYUHxohGt17x8ysZdrG0XFpbEUOxHvPgP8DJWm%2Fg%2BvPHJ0hXz4vwPKkej7aAg%2Fdl2ZoCvnmcToREScx1Qix%2BSDlGDmcAp8judUo3v4P0GIInjOBFLFsctvhlscl%2FJ2%2BiTapnLSbBgao7PqGP1PzxbTOVu4Dmb5zxxY%2B8zLszcJ66d7RHJExmE46j11PEUV8TNs99SnFxZeBLcaQM0lZAv4XHb2YJLy4t3Q1xi7RHUe6cT4%3D%7Ctkp%3ABk9SR-Kf05LZZQ&keyword=2024-25+Donruss+Yaser+Asprilla&sacat=0&relatedSearch=true,6.5,2025-02-15 00:00:00,2024-25 Donruss - Kit Series Black #KS-YA Yaser Asprilla,50.0,27859044.0
398820.0,Noah Atubolu 2023-24 Topps Chrome Bundesliga Soccer Titans RC Gold 27/50 [dbN49,$1.00,"Apr 22, 2025",letsgocardcn,13689,99.7,https://www.ebay.com/itm/376178770547?_skw=2023-24+Topps+Noah+Atubolu&epid=17068708687&itmmeta=01JV4JR2HECCKVZTMSC744SE16&hash=item5796008273:g:i1sAAOSwMzZoAdk-&itmprp=enc%3AAQAKAAAA0FkggFvd1GGDu0w3yXCmi1ctprJE4YtycitUb%2Fo2sugCYcu0YxpqbzRefh6B8immndV%2FzrdDJuGC0bbWEieNBdrnQMcMuEHedWgbC78%2ByN5tgCXqUH81vJ6iFbhCItbRVSlrp%2FG22Th9XbDeVBS%2BUkSJdlfnEIerKQGh9ZpazmIdkj0kljiGYigR%2FFKMVjPBVYhmN1qWCOL%2BuSh68mC8kCt4Q05C43QjL0ma3fOlaAccddu4NV1tnOpMdWHcKBlhb6dhAL5WAcn6%2BSGvuSYeUME%3D%7Ctkp%3ABk9SR-6o4JLZZQ,1.0,2025-04-22 00:00:00,2023-24 Topps Chrome Bundesliga - Gold #35 Noah Atubolu,45.0,25439039.0
398820.0,Noah Atubolu 2023-24 Topps Chrome Bundesliga Soccer RC Bundesliga 09/60 [dbN49,$3.25,"Apr 22, 2025",letsgocardcn,13689,99.7,https://www.ebay.com/itm/376178611370?_skw=2023-24+Topps+Noah+Atubolu&epid=2339751505&itmmeta=01JV4JR2HEV7WDFVBH90MHQR4M&hash=item5795fe14aa:g:4dsAAOSwX7VoAcM6&itmprp=enc%3AAQAKAAAA4FkggFvd1GGDu0w3yXCmi1fUbbfLm4GZta5Ma3RwaRntLyXhW3a3HmiSfAp4zfhrkbH9hO%2BbLgs4U6dzt1WtuFds3tRjjKGRWUoJTWeCGv6X1MUbeM2y0MSmO9HJ8eKtJCdCfynaUNMy6XcOQSmOuK4SaLU6doznY2c8GiCKzhN6nhMMFc8ZoPfRJU6zRgqYOMgkmdWi4RIAQze3CbWyWApoQCOr%2BhrTpl9YuAK5DmvZwB%2BaeGH1C6pjjOgW%2BNhOHzrAMPEBIAhQQJT6hghdxnqJQiSavLQ5FkwbsLcFruKV%7Ctkp%3ABk9SR-6o4JLZZQ,3.25,2025-04-22 00:00:00,2023-24 Topps Chrome Bundesliga - Topps Chrome Bundesliga Autograph Black #BCA-NA Noah Atubolu,39.0,25442027.0
398820.0,Noah Atubolu 2023-24 Bundesliga 60 Years Celebration RC Patch Gold 12/50 [dbI73,$1.00,"Apr 13, 2025",letsgocardcn,13689,99.7,https://www.ebay.com/itm/376147715854?_skw=2023-24+Topps+Noah+Atubolu&itmmeta=01JV4JR2HEBCN3554439Q05SG5&hash=item579426a70e:g:1CQAAOSwQuJn1jCL&itmprp=enc%3AAQAKAAAA8FkggFvd1GGDu0w3yXCmi1cxb6tMTgSwP0tesfyr6XokjYXqQ6d3m1%2FYVT6pzASxPHqmsFiRNywFb%2BYqeFRqjq1GbWsqUqZ81knU3aX4%2BA3ckViV2t%2BJAXV%2FWbDR2DcKwTkZ%2BD4WtxORGGjyBn8Kn7sJB2aqky60L3xq%2F6nOIajncxqEK7gYETe8%2FaQJm6Qm0VdWW8VqYuk4d02LYAZi8PdZ5OHcMgtqJNkOsuMyDNsS7pzbIia4%2B7e97s5Au8op5WvQIhhNkA7Dw0potzaPoW8hNa%2BMlJJRWq%2Bb%2FjDUkw5vuxsO91F3Gzwyxo611%2FLFUw%3D%3D%7Ctkp%3ABk9SR-6o4JLZZQ,1.0,2025-04-13 00:00:00,,,
398820.0,Noah Atubolu 2023-24 Topps Bundesliga 60 Years Celebration RC Patch [dbI73,$1.00,"Apr 13, 2025",letsgocardcn,13689,99.7,https://www.ebay.com/itm/376147700897?_skw=2023-24+Topps+Noah+Atubolu&itmmeta=01JV4JR2HE7WF5BAFC6DRECKH8&hash=item5794266ca1:g:0i0AAOSwrWVn1i7s&itmprp=enc%3AAQAKAAAA8FkggFvd1GGDu0w3yXCmi1eVIo7wQhGzmrxjOImINdQGZGf7aITCdyotkZQrL%2F8xNNZeIDT5io50TlxPr9wcPSUwbzXEnm5FstRr0oiH4Rf3LLnlbcU7EkBVuqwnDIzHYhqVTteRKiOEPkt%2FIxmVpdzTWP9S0AE0TypMb9AlR8JUb4gU1Dvj1UttxJiH%2BTlVlwW9J2Gz7zrH8owO7AAh2Yhpv9Cr1bJzUATwAzogmUOzjztKXKKJiELNXkStJ8%2Fpl%2F31LFLAC8Mjob6BSCMuz3zdRdDYTueEG4xzlujtxz7DNM7j6HQD0kc0dEacbt3dPA%3D%3D%7Ctkp%3ABk9SR-6o4JLZZQ,1.0,2025-04-13 00:00:00,2023-24 Topps Chrome Bundesliga - Bundesliga 60 Years Foil #35 Noah Atubolu,34.0,25440365.0
398820.0,Noah Atubolu 2023-24 Bundesliga 60 Years Celebration RC Patch Gold 12/50 [dbI73,$1.00,"Apr 1, 2025",letsgocardcn,13689,99.7,https://www.ebay.com/itm/376105028875?_skw=2023-24+Topps+Noah+Atubolu&itmmeta=01JV4JR2HEJ3TGXDRAS3X9ZSM2&hash=item57919b4d0b:g:1CQAAOSwQuJn1jCL&itmprp=enc%3AAQAKAAAA0FkggFvd1GGDu0w3yXCmi1cDxyhKgy2Mu%2Bt1evnqFZqyYeDURX5COeqwDoyd5i5Qt6xlxnj7X1dRPAMHnpQMVAczncaEceN82DwWjXfgQfsMYv1J%2BkArBB6JUOeYg2apGpoIqCf7mPVNYBB%2BTNrVJl98ztaSvby5oYaNhDjZFjyM%2Bn8v7TRE%2FBiS4lDqnB8jvXcoJ%2B%2F8EaEh%2FTwdnjJZk1zt9waDgPkaSaHFM4zn%2FNVjv3nsNgvy02%2BvRAdWpcM3BrjsNURMsEzCugl4smqaA8Y%3D%7Ctkp%3ABk9SR-6o4JLZZQ,1.0,2025-04-01 00:00:00,,,
398820.0,Noah Atubolu 2023-24 Topps Bundesliga 60 Years Celebration RC Patch [dbI73,$1.00,"Apr 1, 2025",letsgocardcn,13689,99.7,https://www.ebay.com/itm/376105003801?_skw=2023-24+Topps+Noah+Atubolu&itmmeta=01JV4JR2HEZ8H42RWNT3SJWWN8&hash=item57919aeb19:g:0i0AAOSwrWVn1i7s&itmprp=enc%3AAQAKAAAA0FkggFvd1GGDu0w3yXCmi1eRTXTq99itBIIp1YOMm501Ha%2FNR9CFmHfdan8lqjfOnstzTJC5et8jWSgk3dgs8bF9s5%2FUW2ZczkutlTgK%2BSbeHtHPlVpPka%2Ff5L9xNlaEC6H8S3KU58oDB3Hjl9WcuFFalcEfDipMaJiwLT%2FJ2Cs4HGTLWyThwirygRienFga0Kzi3SUmgMyKDtY6N1tV9WccDg%2BJa9N49VHf1cqNnrUvjCiXabpIZyDYeP98c%2F33bkPOGx%2BXz2T5BZ3%2FSyCKrfc%3D%7Ctkp%3ABk9SR-6o4JLZZQ,1.0,2025-04-01 00:00:00,2023-24 Topps Chrome Bundesliga - Bundesliga 60 Years Foil #35 Noah Atubolu,34.0,25440365.0
398820.0,2023-24 Topps Bundesliga 60 Years Celebration Noah Atubolu Relics Jersey #RE-NA,$0.99,"Mar 25, 2025",dcsports87,846623,99.8,https://www.ebay.com/itm/376085593282?_skw=2023-24+Topps+Noah+Atubolu&itmmeta=01JV4JR2HEG6PBF8T4PW7F4XHJ&hash=item579072bcc2:g:LWYAAeSwoMtn3HzB&itmprp=enc%3AAQAKAAABAFkggFvd1GGDu0w3yXCmi1dvtJHpKZ0B8e8lJSiB9ovY5V%2BdvNQry%2FsYjUaJzKrD8rozC1v4yKyeBaqPfu4F%2FWN3Cjm%2BWMgIdRdG0J9%2BnPZxIl35qDsxnitIq5wEbsqCcV8pGfB8M8Eemz7shs5EFGL%2Bj4LVRL%2Fw%2FZuBtuYDJ7rt145OLyy34jR4aE4Q51qADP69fOJ3OIeNCMY1JHtQ7r0DXm7J%2FSOO8gx2veyDqnYftIrJkUjA%2BbJRYq3ZVMSZ8FHbX%2FhJftIyr%2FzJNglt%2BU%2Fs%2FpkU1ZzslyBbcechMhV28YSItwUkOCcZxfTqYMKtsKk%2FScEIakYcelcDyOL7KHw%3D%7Ctkp%3ABk9SR_Co4JLZZQ,0.99,2025-03-25 00:00:00,2023-24 Topps Chrome Bundesliga - Bundesliga 60 Years Foil #35 Noah Atubolu,34.0,25440365.0
398820.0,Noah Atubolu 2023-24 Bundesliga 60 Years Celebration Relic Patch RC Mint 36/40,$5.53,"Mar 25, 2025",letsgocardcn,13689,99.7,https://www.ebay.com/itm/376086089608?_skw=2023-24+Topps+Noah+Atubolu&itmmeta=01JV4JR2HE7TVJ70256MA87K6W&hash=item57907a4f88:g:bmIAAOSwhyxn3MOM&itmprp=enc%3AAQAKAAAA4FkggFvd1GGDu0w3yXCmi1fSqh%2F2DIrL%2BUQNhabZKgvrSHbSE%2Bjqg5BYf26r%2FMLEnzIfrj4GxDQLZ%2F2u%2F1TDDBse7Q%2B84ObPYjynF%2Bdtpz3cLuw94ObjM166o8lR4QNlk3C2iv2FcKRBcvtAgsJwjXzGIGzATjW3fQwhTvErYgXcxsCxEK8pYgdublxdujgKIx2L%2BusA8LENEDmdLu4sCYffI8%2FOf%2B0Kw2x9kUoR67mmxFKfjmcgsXIxQgei9Ri%2FcNZ5PcQMqApRfPUVJjF2DOQiZBjXFNReltDDCq3Fe815%7Ctkp%3ABk9SR_Co4JLZZQ,5.53,2025-03-25 00:00:00,,,
398820.0,Noah Atubolu 2023-24 Bundesliga 60 Years Celebration RC Patch Gold 12/50 [dbI73,$1.00,"Mar 20, 2025",letsgocardcn,13689,99.7,https://www.ebay.com/itm/376072879454?_skw=2023-24+Topps+Noah+Atubolu&itmmeta=01JV4JR2HE3GXV2F4J6D1DA5HB&hash=item578fb0bd5e:g:1CQAAOSwQuJn1jCL&itmprp=enc%3AAQAKAAAA8FkggFvd1GGDu0w3yXCmi1cWkH2ltO%2FCNk8Lw2ZhXyD410dKQxUymFDCv29FMi1FgC%2BH5kk2gNGHb2STqauizmPogm3C8wKqGDwsEZJxvfZZH40u3OQShPJBC5FsErFVMuiPG2p8VhvOxrre8R1IhyB1BZRUuKSu4Hg0%2B65yRIeSyeo24vNxWc5kFN5WHsWC7nNt8TMsGx4%2FLUNJflwpqjy8HOgHFZS5Q59wj0krcrIkV0xB%2FnXxpqUb4bCn6wyqtSsnc5z5eKjWmFgMgiIigmVtHXZKzfTCJP7ncirQYyQiJFBXyWk4OIyF1X6XExSAwQ%3D%3D%7Ctkp%3ABk9SR_Co4JLZZQ,1.0,2025-03-20 00:00:00,,,
398820.0,Noah Atubolu 2023-24 Topps Bundesliga 60 Years Celebration RC Patch [dbI73,$1.00,"Mar 20, 2025",letsgocardcn,13689,99.7,https://www.ebay.com/itm/376072865705?_skw=2023-24+Topps+Noah+Atubolu&itmmeta=01JV4JR2HE7P7QNJ9PQB6G63ZV&hash=item578fb087a9:g:0i0AAOSwrWVn1i7s&itmprp=enc%3AAQAKAAAA0FkggFvd1GGDu0w3yXCmi1ed76EYMy--k339Pmp%2Ft5JgpGf4isHY6tt7WOuBEh5Y7VEpZx1AdXJv%2BceIlvLjT1AaFoD1caO99vGDqDoeMKzicbXugwxYOy6VvEwU6L87JRHLfGErcWR%2BXg1jl4W3cYg4hGyT8WsB2lvopKXkW2uw5FDiSfPwcB4cSVxyKU7zDl7BQG0s0Lj40FMAUqKCbPgqcpAfSQcOgBaVgDmVM1OdzewVWV31fijOIPs5L7DnA8PQNQUYxkec8Isb8nBoUGw%3D%7Ctkp%3ABk9SR_Co4JLZZQ,1.0,2025-03-20 00:00:00,2023-24 Topps Chrome Bundesliga - Bundesliga 60 Years Foil #35 Noah Atubolu,34.0,25440365.0
398820.0,Noah Atubolu Junior Adamu 2023-24 Topps Chrome Bundesliga Dual Auto Gold 38/50,$10.50,"Mar 16, 2025",letsgocardcn,13689,99.7,https://www.ebay.com/itm/376061874439?_skw=2023-24+Topps+Noah+Atubolu&itmmeta=01JV4JR2HE241Z0FT6TW1THDSD&hash=item578f08d107:g:aN4AAOSwM4Fn0P7D&itmprp=enc%3AAQAKAAABAFkggFvd1GGDu0w3yXCmi1cWLiPpRxl3rda1Pt38VQ53gJfyGIriStNGkhNBzf47xVyNRBE5JdSAb47r1l%2BhybQpkyh0kRn47qaTSyjz5h37C9tAHk5TPk9D7ZXfKa0Fyi1A%2BP9XDEYeQ%2FaNZ7Ij1z0XUzxbaou2WFEAvH9ieXxWeHlsG6ckfph%2F4tMmejSMHMURkfWLxN%2BUpIT00Y8qRzlym3m78x6bPmcSc4PI1baMU1MNvZUCRrKzHb4%2FnvhoWtFJ83aJbdhN9StCMzylwaePk%2B5Sv0TweVnnGOUS6L5FF4fgmVNpMl9DeweGMpbNnuRS9a4cbjNNcwD5pO20kn0%3D%7Ctkp%3ABk9SR_Co4JLZZQ,10.5,2025-03-16 00:00:00,2023-24 Topps Chrome Bundesliga - Topps Chrome Bundesliga Autograph Gold #BCA-NA Noah Atubolu,52.0,25442129.0
398820.0,2023-24 Topps Bundesliga 60 Years Celebration Noah Atubolu Relic Auto RC #51/100,$4.01,"Mar 11, 2025",dcsports87,846623,99.8,https://www.ebay.com/itm/126978590223?_skw=2023-24+Topps+Noah+Atubolu&itmmeta=01JV4JR2HECN82TZFEBRC7X78J&hash=item1d9083860f:g:rggAAeSw3Dtnyero&itmprp=enc%3AAQAKAAABAFkggFvd1GGDu0w3yXCmi1cU9Uz%2BUEr3SU0tT%2BJRBIhvN7fx3Ch1oVgz0SMJ6bb8FQYoqL5bFIcpmO9jM19GsZX6Ibvpaa%2BXd0FUM9mQBKqrQT7uhYzffXHEPqmYoskalpruEzBstAU06KqnVSBCd4DtcWFbjtcBHx88TNqHbudp2Okn1PJOphHxou4m3iT8nMw4fZg2rUMsY58myLLzLSdVo9K51QeoNCagckf7pD%2B4grIjXATaw5QYsazcDeXaD2EZFdte1QDA%2BF5PtDe1QhtcSPPDdy2fqjMPNA31apFYej1%2BGqTn%2BBwhc7iRS11shfaI9S7QX5Q4knSQ0SACpNc%3D%7Ctkp%3ABk9SR_Co4JLZZQ,4.01,2025-03-11 00:00:00,2023-24 Topps Chrome Bundesliga - Topps Chrome Bundesliga Autograph Black #BCA-NA Noah Atubolu,39.0,25442027.0
398820.0,2023-24 Topps Bundesliga 60 Years Celebration Noah Atubolu Relic Auto RC #/100,$4.00,"Mar 11, 2025",dcsports87,846623,99.8,https://www.ebay.com/itm/376047136913?_skw=2023-24+Topps+Noah+Atubolu&itmmeta=01JV4JR2HESSHK0DMR44D35SZT&hash=item578e27f091:g:IgkAAeSwXwZnyeoi&itmprp=enc%3AAQAKAAAA0FkggFvd1GGDu0w3yXCmi1d3%2Byfni8wNkIIx3y2JzgqjZWLxFXpIDKc3tfRQ79PxLy3Rdk3SOfWymnnencmWt5d4MCHFlIwq%2Fg0SSvJyE6Zk%2BNwWx5d01jxIgF2GIvucXiZ25A6qr%2B%2BLeLfGEZbwCc8nhR5Z%2FwDy59QKwV7fgP2GFz073alj3dfTmI6GiwVEIId1UMyLa9AwBLjKhvDy1MNpVpqwnRUiR047wU3mCO%2BrwIbHp4LMOiLdtqpiaXEU44HtW9CWoIyDli%2BZ7f3P3MI%3D%7Ctkp%3ABk9SR_Co4JLZZQ,4.0,2025-03-11 00:00:00,2023-24 Topps Chrome Bundesliga - Topps Chrome Bundesliga Autograph Black #BCA-NA Noah Atubolu,39.0,25442027.0
398820.0,2023-24 Topps Bundesliga Celebration Noah Atubolu 60 Year Foil Relic RC #/60,$1.25,"Mar 11, 2025",dcsports87,846623,99.8,https://www.ebay.com/itm/126978590165?_skw=2023-24+Topps+Noah+Atubolu&epid=2339751505&itmmeta=01JV4JR2HEHVPFVWH5F261JT1T&hash=item1d908385d5:g:HkoAAeSwvgdnyeo4&itmprp=enc%3AAQAKAAABAFkggFvd1GGDu0w3yXCmi1eMvnQbzUGKlQL69ICenjg6N42i4yj2JuuvY6tD9kbnqXeRor79V5ccTqDR1FS7EY%2BGzHlMdFxgtcT8GZnadcZUKjdQOBVdPlTy7hZFWSzYVifiFy%2Fzu%2Fs6tPCirYUjaxCg9INvK8ItfzrAl7nhhEK2oLBidNKJJb9SoMm7Mikt1hBtLRvUqI9paYuQKS7Gy2MdusKCQIcMuE0DDBcSW%2B3%2BTt%2Fjf2QTDXwpOVSHX2C9oLL1dbOczjX%2Bhry855kCjzaYcGUlxa%2FlHd1kVIN8lMy6vtfJ8Myla1upXoESyiFFH3QngceciDaXa%2FkNnxV%2Bwr0%3D%7Ctkp%3ABk9SR_Co4JLZZQ,1.25,2025-03-11 00:00:00,2023-24 Topps Chrome Bundesliga - Bundesliga 60 Years Foil #35 Noah Atubolu,34.0,25440365.0
398820.0,2023-24 Topps Bundesliga 60 Years Celebration Noah Atubolu Relic RC #RE-NA,$1.25,"Mar 11, 2025",dcsports87,846623,99.8,https://www.ebay.com/itm/126978590163?_skw=2023-24+Topps+Noah+Atubolu&itmmeta=01JV4JR2HE87MSQK9B7KJHYYD3&hash=item1d908385d3:g:e0wAAeSwmXVnyerV&itmprp=enc%3AAQAKAAAA4FkggFvd1GGDu0w3yXCmi1evaOkUptGyY%2F7wO3fCSBFytYBVfLhU04bZvWDxJf--23Fyn4R8S3DQoLAGz83MXxfFg1PS2%2BkeN4MUzLPOuON1UlGrak%2B0H5ETA6iF41J2ZW1EjDWea4LQDOZCAXDOQTjSv2ri7yKgtqqoNEa7XK4TelDNa0UfObU9xXWQscHmI4HWDw9T7rVMQjO33mnUgjo0tdImZzd2771O57CAkXnom2nin%2FS9vxpEiFTHlJvRU4opSvrdg2HA5bamm%2F0Ba4UNg6ogvvkvww7B8R4Hex%2BS%7Ctkp%3ABk9SR_Co4JLZZQ,1.25,2025-03-11 00:00:00,2023-24 Topps Chrome Bundesliga - Bundesliga 60 Years Foil #35 Noah Atubolu,34.0,25440365.0
398820.0,2023-24 Topps Chrome Pink Refractor 147/399 Noah Atubolu #35 RC SCF游댠游댠,$4.99,"Feb 27, 2025",daxtheripperz,1336,100,https://www.ebay.com/itm/226303368873?_skw=2023-24+Topps+Noah+Atubolu&epid=21068713113&itmmeta=01JV4JR2HE3QDB8J7JWDZWDYH0&hash=item34b0bb5ea9:g:LXQAAOSwyvdmw9W8&itmprp=enc%3AAQAKAAAA4FkggFvd1GGDu0w3yXCmi1fZzO4wcO1P6tztzfDdA1Kcnh2cmzwSMcVpW%2Bim6KNqUsbK2rG7JhXhUOMEF6vZlpctyGmJ5%2FUnDbvuB1ur6I0BCag796ozzZdsOhVBbW2qntOcHvXTZsLWSR6c3S2KeM9gKCjUmZ1HnhkGxEuZPzgd4KmpH82AG%2B9Ue4EX0PVLsZcKEBLa0ylmrTwd5XHQY%2Bly8UlRlV915cB8qX2NjImo%2FUuZeX0dhWANh3cTSlZ%2BwLM27xAyQSAjugvv6l%2B8%2Bqh6RI%2BcLOrr6z1VAfGLbwLt%7Ctkp%3ABk9SR_Co4JLZZQ,4.99,2025-02-27 00:00:00,2023-24 Topps Chrome Bundesliga - Pink #35 Noah Atubolu,48.0,25439549.0
398820.0,2023-24 Topps Chrome Bundesliga - Titans Titanium #TI-4 Noah Atubolu (RC),$0.25,"Mar 1, 2025",guyschultz,3757,100,https://www.ebay.com/itm/387988033977?_skw=2023-24+Topps+Noah+Atubolu&epid=24068697211&itmmeta=01JV4JR2HE9YMJ0H9DK9PZFGY0&hash=item5a55e391b9:g:wH4AAOSwDChmyTfH&itmprp=enc%3AAQAKAAAA0FkggFvd1GGDu0w3yXCmi1ebFGClDTyp6i3pwkLu3PqwuHjTjUtepadgNwNyIZoMu6f0S%2FQ7vNkf5ZI0RI4q3Z8Jvq8ww8YvjTBZ%2F30n2PiAZ8%2B%2B--vq5KsA2ROYJ1U%2Bov5o0wkfcsCSY8bvYf5ZPTthwQtV0Uv473UNxW8WydTzwYsTPwkh6kGUlBwrZ%2FlfU6ysytbY%2F1Gu6Kmu3vTTgYBPgGzBP5E%2FI9asrnl41iRQKIS%2FQkgSpFnYyVDtP33DHH5pA3WsgH1TGhbqT0tB8aA%3D%7Ctkp%3ABk9SR_Ko4JLZZQ,0.25,2025-03-01 00:00:00,2023-24 Topps Chrome Bundesliga - Topps Chrome Bundesliga Autograph Black #BCA-NA Noah Atubolu,39.0,25442027.0
398820.0,2023-24 Topps Chrome SLIGA Noah Atubolu Adamo Red Refractor Dual Auto #AA PSA 9,$22.38,"Mar 1, 2025",dcsports87,846623,99.8,https://www.ebay.com/itm/376020859710?_skw=2023-24+Topps+Noah+Atubolu&itmmeta=01JV4JR2HE1T6JGYSNGQ8WQ5CV&hash=item578c96fb3e:g:tGgAAeSwaj1nvLPz&itmprp=enc%3AAQAKAAAA4FkggFvd1GGDu0w3yXCmi1cVyAIreHykX65aoUXEwy%2BqMmACMz0T8%2BNvB2e6LF4tXqkPh4VC4OuLEwTZGR0hjUY7qwEE4OzUsol0mvforLWfOzFqypGxWyD3QxAjtzJYCfMuZqJ7gXcP1c4fiOBO7xyOE%2FejNtZCO%2B1GxAILm%2BuMhbLTmSSvjioCw938VTcRYGlxEoP0mnSyG%2FizLRVsrwJ16rwXhJed0yrTchX8WBv0ldKhDoqe16ExVycAT52wStuk4QdCXsB%2Ft5N5GrtPQ31VKogW08srG%2B404HdSG%2BgY%7Ctkp%3ABk9SR_Ko4JLZZQ,22.38,2025-03-01 00:00:00,2023-24 Topps Chrome Bundesliga - Topps Chrome Bundesliga Dual Autograph Red #DA-AA Noah Atubolu / Junior Adamu,43.0,25456066.0
398820.0,2023-24 Topps Chrome Bundesliga Gold Bundesliga 60 Year Foil #35 Noah Atubolu,$2.00,"Feb 27, 2025",burbanksportscards,612243,99.6,https://www.ebay.com/itm/316390470448?_skw=2023-24+Topps+Noah+Atubolu&epid=15068709096&itmmeta=01JV4JR2HEDBHJNC5ARRWYS0YE&hash=item49aa577330:g:RgYAAeSwdaVoH2hN&itmprp=enc%3AAQAKAAAA0FkggFvd1GGDu0w3yXCmi1d1SOKfRU7r5mAtU6IGCJLkluh7QuVwRWNsBuhUaB2rxsnu168z8FX2HDqyq9GhVm7jXmxlDHn7WEa2Zz5kCa2Bj3p%2FOvsld%2FLAY3dwDvejk8%2FBymgqJ6s20j1a9YrqOVs0cHSIRZnCf%2FKerBIc2%2BvslnCe0t81aePR1hJu1GhqUeUmeg%2BLMnGZHPnAeb07XIpWzaCh0ruymiy5f8ACU1vz6HtOuYJMuW9EAmLMmiYGD8yUn%2FWFbJJ2TkE%2FV%2FCwfPY%3D%7Ctkp%3ABk9SR_Ko4JLZZQ,2.0,2025-02-27 00:00:00,2023-24 Topps Chrome Bundesliga - Gold #35 Noah Atubolu,55.0,25439039.0
398820.0,2023-24 Topps Chrome Bundesliga #TI-4 Noah Atubolu Titans Rookie,$1.99,"Feb 27, 2025",tbivs-stuff,772,100,https://www.ebay.com/itm/405304555496?_skw=2023-24+Topps+Noah+Atubolu&epid=16068698461&itmmeta=01JV4JR2HE7JZAN4T1XVQ8T8VN&hash=item5e5e08b7e8:g:5uUAAOSw9HtnGW76&itmprp=enc%3AAQAKAAAA4FkggFvd1GGDu0w3yXCmi1e%2FFlaWjYetrynM2w2F7%2Fho5LHxBTbcPGlpdtE%2FlqlyeLhEmSc1VbvFznTkEpfkA%2BNd4AR2D63CwdOlFFHLuR2m7cLIFlgTskAJk20O%2FznocFQ1eY8LAvxwXs6uM0TPpqOj4%2B%2BB53ZBaw%2B7Dkgp9VJgGYfD5CgZvZxOnPwIDvNxtjur65DXdxzWjBRbuBvhoFVWPKTls2fREWjOMyQ4UVg2CQ7MMRGY8DIg0c198nTEKjCv4EcAGrQ84DXHPEXqo4M5HDhh5PBtJywXxs75boeq%7Ctkp%3ABk9SR_Ko4JLZZQ,1.99,2025-02-27 00:00:00,2023-24 Topps Chrome Bundesliga - Topps Chrome Bundesliga Autograph Black #BCA-NA Noah Atubolu,39.0,25442027.0
398820.0,2023-24 Topps Chrome Bundesliga - Blue Wave Refractor #35 Noah Atubolu /175 (RC),$3.00,"Feb 27, 2025",pacasi0,145,98.7,https://www.ebay.com/itm/176478781938?_skw=2023-24+Topps+Noah+Atubolu&epid=12068693111&itmmeta=01JV4JR2HETGTE7V840APZX0DY&hash=item2916f481f2:g:yWsAAOSwVJ9mmbHr&itmprp=enc%3AAQAKAAAA8FkggFvd1GGDu0w3yXCmi1cJOZ72tfVPk5eTfZ7q0VmSVD7hj2h1Hy0h%2F8kZ4CJs41kzWVkfRtiFiVZ9u3sXUruTnbjy7cv4cK5OUuCBRsR34BwTWbRRmtxjnbJTcRWcwS%2FAOdlYUcBQ7ei9lKW15k4udUh0LpwSERyO9%2Bibi3QFIkgeZAQdk4V1x2sCsSL6Gf5kkIQ0U%2Fnrsz8EXg7WyIkAa8%2FBxiiuO0clt%2BoyR6yUrau8hMCN8reby%2F7yfX0fScJUBFVs7AIR5g9BbFsHaurrGf%2FCuA3PlA0ypJORk%2BF1uSEmiQwqD66tDyd3FADRGg%3D%3D%7Ctkp%3ABk9SR_Ko4JLZZQ,3.0,2025-02-27 00:00:00,2023-24 Topps Chrome Bundesliga - Blue #35 Noah Atubolu,55.0,25438835.0
398820.0,2023-24 Topps Chrome Bundesliga #TI-4 Noah Atubolu Titans,$0.99,"Feb 27, 2025",thearpinmint,1332,100,https://www.ebay.com/itm/335518828838?_skw=2023-24+Topps+Noah+Atubolu&epid=16068698461&itmmeta=01JV4JR2HEFB788D03M1JJ8V77&hash=item4e1e7b0926:g:llcAAOSwks5msXMF&itmprp=enc%3AAQAKAAABAFkggFvd1GGDu0w3yXCmi1c502dYQp5ueRnXV2Wkf8VlPDp4xZY%2BosTdYdT1g1fzHfqkUjorwTRiexnB3DgYbhLegS%2BCLXXtwFvy%2B9iXC27hVICMLej7BV2IEeRD3pRQ6u0%2Bdqs2%2Bxy%2FvKMmXYADEiqXdizzdpdl%2Fw4ws%2FXgP2%2FS0EymTCbVoQFApbIL%2BIVBBu%2F5QUWj9XLD0RLTmCgWHw06mvmauHeO1MDeJQptvjOqIhlTUpXBfeQi%2BhXqyVJdS2xtKjw35oyOsJMGLBPYw1QnWR8zlZFyfg1P%2FlU4UlK3PnXdNrH247BN8jaGUr7DtmwOOmsOobdHfAKAZuuKrdM%3D%7Ctkp%3ABk9SR_Ko4JLZZQ,0.99,2025-02-27 00:00:00,2023-24 Topps Chrome Bundesliga - Topps Chrome Bundesliga Autograph Black #BCA-NA Noah Atubolu,39.0,25442027.0
398820.0,2023-24 Topps Chrome Bundesliga Noah Atubolu RC Autograph #1734M,$1.00,"Feb 23, 2025",schkstore,485,99,https://www.ebay.com/itm/335815673302?_skw=2023-24+Topps+Noah+Atubolu&epid=8068701442&itmmeta=01JV4JR2HE27H2T3YYCP1J0KBQ&hash=item4e302c85d6:g:ma4AAOSwr69npONb&itmprp=enc%3AAQAKAAAA8FkggFvd1GGDu0w3yXCmi1ckIsfxRjAF%2BgVZJyUd3cCB1yDQTpyehPoP1oo12OXJlf7gxEJ5yLG8776aWTGhIFegxnqR7a6FY95FvBgfBMofnBEMcEQRE2rb%2B8dE%2FqMqIM%2FO6qUEuvj9S%2BDFVTbMSaBr9Vh80iJQ1Ae%2BLZGfbw9JCklwJQvU4fZ%2FLvjgiMQcjIQgYNhh90vZTaxrqjjqcuAFhYtJsCDlR85rdc9DRBraDsOQX4oKJ03NUlD%2F7inxFJ7J4CUKHWYW9tKTJEC30bAsDfBufXiOdkkFc5%2BNttwEn82md%2Bd7q6IXsFjiyGu1%2FQ%3D%3D%7Ctkp%3ABk9SR_Ko4JLZZQ,1.0,2025-02-23 00:00:00,2023-24 Topps Chrome Bundesliga - Topps Chrome Bundesliga Autograph Black #BCA-NA Noah Atubolu,52.0,25442027.0
398820.0,Noah Atubolu 2023-24 Bundesliga 60 Years Celebration RC Relic Patch 08/40 [tom12,$1.25,"Feb 21, 2025",letsgocardcn,13689,99.7,https://www.ebay.com/itm/376001504871?_skw=2023-24+Topps+Noah+Atubolu&itmmeta=01JV4JR2HE5Y9BQ9C710KJ8TD6&hash=item578b6fa667:g:mHwAAOSwyetnsqQW&itmprp=enc%3AAQAKAAAA4FkggFvd1GGDu0w3yXCmi1c%2BwyTx8yoO8LU9Hjh%2F3TD4xuimCjed1aIg2OxADvdl9AIA%2F7jqTEywwesX6uqJ0V5TtS5JdAfr%2BAGUEQCILJojmPqRjoJci5nArUUCW6HQnG94RpmKctq7DbXgkhw%2BsEPiP%2FKX9BerF7JxCNa1Mvzo4DBB4dVrZdPze03AS7buNnxChoIaLASfNMS%2ByDuHggQuTLPrDzwdTCaqDpHMiR1JgVItDWiHvKAtNotzP9w2oVwz0w0gA%2Fv2pgyL%2BDuGA269LXRZ0QFOr8uJ6fgPFFer%7Ctkp%3ABk9SR_Ko4JLZZQ,1.25,2025-02-21 00:00:00,,,
398820.0,2023-24 Topps Chrome Bundesliga Noah Atubolu RC Autograph #1734M,$1.00,"Feb 13, 2025",schkstore,485,99,https://www.ebay.com/itm/335800624127?_skw=2023-24+Topps+Noah+Atubolu&epid=8068701442&itmmeta=01JV4JR2HESSJPZXGV9GQAQ71D&hash=item4e2f46e3ff:g:ma4AAOSwr69npONb&itmprp=enc%3AAQAKAAAA8FkggFvd1GGDu0w3yXCmi1fEtsPILsymAuoEvz8UPms2yGoqCgdkCZ%2Bva7u4jkia7hJzEnevuhColdRv7N2YDX13PcTYnmOIB%2B0VwR9eJZTrlB5rUFd2p3GNWBouWJWpHlB4RIT4JbIrVjNNWwQhOSidVgiabRxI0cJdRDJZAAJehM85suJ3TAntBKaVwrgShl670opXlVVUvIHb3nPstyEjw5rJtXyEGl%2FnsI1Qi1BHBVjmi%2FnbtoILMnxKAQAE%2BZ8OLxuQ9eBNPvB4%2F5u6oDSykjfHMYmoPGOPzLV5K1qbR%2FzFWQ9Pq5LG%2BKvwBvgxQg%3D%3D%7Ctkp%3ABk9SR_Ko4JLZZQ,1.0,2025-02-13 00:00:00,2023-24 Topps Chrome Bundesliga - Topps Chrome Bundesliga Autograph Black #BCA-NA Noah Atubolu,52.0,25442027.0
398820.0,AP Grading 10 Topps 60 Jahre Bundesliga Noah Atubolu SC Freiburg Saison 2023-24,$38.80,"May 2, 2025",jerst7508,478,100,https://www.ebay.com/itm/146537527259?_skw=2023-24+Topps+Noah+Atubolu&itmmeta=01JV4JR2HGYYH4052YABGBRVK0&hash=item221e5137db:g:6R4AAeSw2xxn0Gxn&itmprp=enc%3AAQAKAAABAFkggFvd1GGDu0w3yXCmi1e3xDsfoQ97J9CoJgaj5GmIHA7DsRuIFJi3dwWxAARzkNIo42y3aR%2FkL%2FA61XYoj0XwZCzY2Z1L5krrNz5nygFQA8vah9y4fPPr67xp2SdpaT9XN%2Fi1vgTj7YVC57X9pe74DTd2X3P7jN31hdIp3nlB8bqOqgucUJs9yvNZXr%2Bu3OWw0FkpAxX2%2Fay26FnHKKAtwdmyYycxK1x6Yv%2FAtQKVb8ELebVlNGJoH68eibArKa%2FkipO2GxhnxmzFa6CGBOxUnttedy8CNlOH0mBCUvXhVaoX%2F1Quc8Vf99xWT%2FZAcgTGGPqukuFIyNTqq%2BlmsEI%3D%7Ctkp%3ABk9SR_qo4JLZZQ,38.8,2025-05-02 00:00:00,2023-24 Topps Chrome Bundesliga - Bundesliga 60 Years Foil #35 Noah Atubolu,30.0,25440365.0
421504.0,2023 Topps Finest Road To UEFA EURO Yasin Ayari #83 Gold Refractor #38/50 Debut,$6.99,"May 1, 2025",shadowcollects,59,100,https://www.ebay.com/itm/376115579448?_skw=2023+Unknown+Yasin+Ayari&epid=22066395997&itmmeta=01JV4JRNDTMV9PC75NWWNYEE2V&hash=item57923c4a38:g:Wt4AAeSwT~ln6sft&itmprp=enc%3AAQAKAAAA8FkggFvd1GGDu0w3yXCmi1dnc5qA09ry1UvPXBBLTE11EBea9xUgkq0jm41kUahZxinkcM%2BDkmgcBuj0IUkf4niAxRoTpayfGN25Qqa%2BW1M8RDgWgTw1donZgQYLIzGQZ5LJYGMlhvWJ%2F%2B7kKNT9yVGO9uSISPj2SjM4w9uhNnaimPvIvI3anOvVQxvIfClRJdlpiWpzMBBdgnA81wztWfJej0ZjuLQRcoQJOm%2FuX%2F9DaGbOelId8V0QBYKUk6rwqQTlZNr%2FvEErym46vhfLQUHIG8ols4wrlXEum8BPI623t7VaoDbKQm6%2F2PMEZDd9Lg%3D%3D%7Ctkp%3ABk9SR5DX4pLZZQ,6.99,2025-05-01 00:00:00,2023 Topps Pristine Road To Euro 2024 - Gold Refractor #177 Yasin Ayari,37.0,24788876.0
421504.0,2023 Topps Pristine Road to UEFA Euro 2024 Pristine Autograph #PA-YA Yasin Ayari,$8.55,"Apr 26, 2025",uluckyone,2885,99.2,https://www.ebay.com/itm/276955947406?_skw=2023+Unknown+Yasin+Ayari&epid=8067683386&itmmeta=01JV4JRNDTHYH01VX73FCC1FNX&hash=item407bdc618e:g:1UgAAeSwritn2GiU&itmprp=enc%3AAQAKAAAA8FkggFvd1GGDu0w3yXCmi1dO087Y9ayjSi%2B39bjtQUowOxityCIGmi7j%2BJIu0a5xtWKpZGLfUmk7cZa7udFciFjMTEQbP3qIomSR%2Fgv%2F%2B0cjqngpuNqfOpqgjjrkDFnOAYH5p%2Fz%2BImvDAFkQnI2n0fAC27H7EqDnW12w88oBzTobGLstegGDaifHbtlM1gcREXPqq2BP4SeBI9i2RK885la2mqGSK9%2FzQK%2FldLz4Pujh0NBWtxOkm8uXx4rkoOdmulGXOlQVWjWilktXTPG6I6ozK1kZ3%2BbY94SijQnqG8i%2B%2Bv%2F8CX%2BdoNG6qdcGFLBDzw%3D%3D%7Ctkp%3ABk9SR5DX4pLZZQ,8.55,2025-04-26 00:00:00,2023 Topps Pristine Road To Euro 2024 - Pristine Black Refractor #177 Yasin Ayari,35.0,24787058.0
421504.0,2023 Topps Pristine Road to UEFA Euro 2024 - Autographs #PA-YA Yasin Ayari (AU),$9.00,"Mar 13, 2025",jbsc23200,50,100,https://www.ebay.com/itm/306038994640?_skw=2023+Unknown+Yasin+Ayari&epid=8067683386&itmmeta=01JV4JRNDT6J5R9Z03R3YMCEJ1&hash=item47415876d0:g:3AEAAOSwIBFngyAw&itmprp=enc%3AAQAKAAAA8FkggFvd1GGDu0w3yXCmi1f7KgG4DggFUUDZLH6TgdgJqHMyxKaEhLgxdsZV7OjHvM4jEc3vkUX1QSLHLzajY2xb2%2BK%2BGvCWI5yjyHZOV4tHI5Q0FtLYXNpFfoYBKzQO2r%2Fp0NqzJyHfhOFTpZFtL188Qs8J6YPCgIkTZLVYc0oCcX1p1cNEQiRgXj8Sbvjqz%2BBZsKARwcmSRzKiN6bLyuoRYwfrHQgh9QTzVuovj93rMtgZU5NjxKxjKFJnl1%2Fh5hW5StoCatEr%2BHf0emz0uo1InBCOlXkXyjm0t8NZim5M95jqRkVh85v6vJ0jR4SLXQ%3D%3D%7Ctkp%3ABk9SR5DX4pLZZQ,9.0,2025-03-13 00:00:00,2023 Topps Pristine Road To Euro 2024 - Pristine Black Refractor #177 Yasin Ayari,35.0,24787058.0
421504.0,2023 Topps Finest Road to UEFA Euro 2024 Yasin Ayari RARE Rose Gold SSP /75,$12.74,"Mar 13, 2025",breakknight,3282,99.9,https://www.ebay.com/itm/226103300354?_skw=2023+Unknown+Yasin+Ayari&epid=15066398889&itmmeta=01JV4JRNDTFSVVB7EXP8RFMFGD&hash=item34a4ce9102:g:FVIAAOSw6SVmI685&itmprp=enc%3AAQAKAAAA0FkggFvd1GGDu0w3yXCmi1cg9qTBJ5QHSabcPTNI2zIKoGERnKwtak163lowm0D0JdEMtucz9cDT0jS9iE2Po%2FNoUB1yH7qc7lRWuElEZ%2BP89SR4At%2FOpQfLq9xi9qvsuqOEvlGW9JXgrBjKa2Vpwd%2BTOws%2F4RCYbhxLRR4bojGDruCNbWPg0xFaB2prBHZSIgHivukNzSqsIDQ36sDTB7ycdtSaUBrZoE%2B4rFsoj1Qb%2BAxkup5nIA6U5Efp%2FTFvMa1Nhf%2FqOQinTzWsR73Jk%2FQ%3D%7Ctkp%3ABk9SR5LX4pLZZQ,12.74,2025-03-13 00:00:00,2023 Topps Pristine Road To Euro 2024 - Gold Refractor #177 Yasin Ayari,33.0,24788876.0
421504.0,2023 Finest Road to UEFA Euro '24 #83 Yasin Ayari,$1.69,"Jan 15, 2025",burbanksportscards,612243,99.6,https://www.ebay.com/itm/365134899338?_skw=2023+Unknown+Yasin+Ayari&epid=2337442836&itmmeta=01JV4JRNDTTW3R9KEHM165VQA3&hash=item5503bc688a:g:6AUAAeSww~VoEjDy&itmprp=enc%3AAQAKAAAA8FkggFvd1GGDu0w3yXCmi1d9C1E2GyyiyspJN3R6eb9edtAoryDvLgjS5gAnWw7KrquyuZQro32GSspzlwYXUhQGhFo%2BEAAcvtu80XuxCA3tQK4pozgtc7slN3v9gTmZ34H%2FJ9XjCPBvgsnOGPXcUtVYzvPGjEc0OEXHGbWUzUqh2dM6OmQ7xZNmj4N%2FF5BphL4w6jtflORSJI%2B%2Bwl%2BTIiwOsixLYXsKlfHpgqGlGax7tRtNAtr3Nq8nFoHECPI9NUKIX3rLeusZ94WoZnU1N17vsI2eIOmimZtkjCEphXlBNlN95WXLhJjI5NSoeBsP9w%3D%3D%7Ctkp%3ABk9SR5LX4pLZZQ,1.69,2025-01-15 00:00:00,,,
421504.0,Yasin Ayari 2023 Topps Pristine Uncirculated Auto Autograph Sweden A26,$2.25,"Mar 3, 2025",sandscards2,5267,99.7,https://www.ebay.com/itm/167343028501?_skw=2023+Unknown+Yasin+Ayari&epid=8067683386&itmmeta=01JV4JRNDTVXA2S279W0M9PQYZ&hash=item26f66bf915:g:yQkAAOSw6iJnv8eH&itmprp=enc%3AAQAKAAAA8FkggFvd1GGDu0w3yXCmi1d2X2JIbYqd%2F6iFOHJ%2FOdwy0sXswymxu2XRwQIDpAjBteM4GXULsN%2FgEMPKBLm3MHVDTIYqPwQX3mbPTU8j9Eoq9h5owr7NC2Tplqyfgd4IhQ1PXgvVzR49bk%2FRs9v5crLKvsV1WNSnkYzaQWVeL7%2FLATAVCDCAiS2JwrAgc4pTHQ3fpTY8btpD4oN7O%2BrT1lqSh09syotPPv%2BxeoWuOQoej%2FyPcSYC7r%2FTfwPqqnLYMf%2BZlSgpt9D6YcbLURrHevu6GZ6rb9kX%2Bo467J95yopeGYzvC%2BEsraCo9lzsWhYROA%3D%3D%7Ctkp%3ABk9SR5LX4pLZZQ,2.25,2025-03-03 00:00:00,2023 Topps Pristine Road To Euro 2024 - Pristine Black Refractor #177 Yasin Ayari,23.0,24787058.0
421504.0,Yasin Ayari 2023 Topps Finest Road to UEFA EURO 2024 National Debut Orange 08/25,$2.75,"Mar 20, 2025",letsgocardcn,13689,99.7,https://www.ebay.com/itm/376073089450?_skw=2023+Unknown+Yasin+Ayari&epid=19066397889&itmmeta=01JV4JRNDTNCE0ZVMRCBYWN8Y5&hash=item578fb3f1aa:g:V3YAAOSwCutn1k4d&itmprp=enc%3AAQAKAAAA8FkggFvd1GGDu0w3yXCmi1eJmuDRs04nZy985%2FfaaxsOmjI2HmhEqC8vhDxLSb0ekAioApdbkuYRXf89l7L%2FaVvRt4DmCPTEsZmM9d9yZR--YMzNNMDwt7yCRh04PjzVIuxlfP7oZrqQ1qnaXNrQivHX7fbaKSHQWkhg6SFabn%2FP36%2Bqwq57SSTQSqIkyBVSAWRs49gi3Eyk6LCOvH6YsSWPkgyiLiuBGBDZ4KVAYAWsMUalmfeiL0KUfmNVT0htAUO0nOdk6Ammo1jnShIWdk17EG3FbraXgny5cHp7mokU3qXLznaizSo62nYUIBgjmg%3D%3D%7Ctkp%3ABk9SR5LX4pLZZQ,2.75,2025-03-20 00:00:00,2023 Topps Pristine Road To Euro 2024 - Orange Refractor #177 Yasin Ayari,33.0,24787260.0
421504.0,2023 Topps Pristine Yasin Ayari #PA-YA Refractor Auto National Debut,$3.00,"Apr 24, 2025",blackgoldsportscards,11739,99.3,https://www.ebay.com/itm/405772462900?_skw=2023+Unknown+Yasin+Ayari&epid=8067683386&itmmeta=01JV4JRNDTQJ8J7GS1M3XC6E8J&hash=item5e79ec6b34:g:qAMAAeSww~Vn~9zI&itmprp=enc%3AAQAKAAAA8FkggFvd1GGDu0w3yXCmi1e%2F0OfQr8%2BNy0ymP4jcDalGEh%2FH3FaX3kYzG7I3Vj7WhltccPRNAodV36fvW0zveWI5%2BlSaGxyGNAqQydUQB%2BA7BxswX%2Faf1r2e4SHWkqnNeYxKep9Qo6tt2LYtKlC0OZ2y8u%2Bkb%2BePERDUZKwR7SQLWYEZKHO5kD96ZPZgxQr%2BqJ6%2B1Tp4bBaIzMAw0zHUKk8dOEf0dD0ZRlVsgOMt68lRsCtWL66B%2BVVnNZthPIOM9bNQ5%2B5XK3U%2FPV%2B0tPiaCbtNyEMBft%2FEYQzhws6kU8dt46aFsmBSL4CkpqcocClI9Q%3D%3D%7Ctkp%3ABk9SR5LX4pLZZQ,3.0,2025-04-24 00:00:00,2023 Topps Pristine Road To Euro 2024 - Pristine Black Refractor #177 Yasin Ayari,28.0,24787058.0
421504.0,2023 Topps Pristine Road to UEFA Euro 2024 - Autographs #PA-YA Yasin Ayari (AU),$1.75,"May 6, 2025",drodoc30,586,100,https://www.ebay.com/itm/326556929494?_skw=2023+Unknown+Yasin+Ayari&epid=8067683386&itmmeta=01JV4JRNDV6CNJ115CQNXQ6V8P&hash=item4c084f4dd6:g:N-gAAOSwHiVnnCvG&itmprp=enc%3AAQAKAAAA8FkggFvd1GGDu0w3yXCmi1cdRTsLZftNmMY7O049Juhc0mRJ%2FRu2%2FpEGDYilLdq3ckgeJ3GYKOF7Vg6R1gPbsZbwv%2ByRGwa9loGVyZ%2F7KjhyEAG9aaPlsHxL%2FUjIdSntQiGAlrxlOTX7DaiKudISN%2B%2BK3dFmdot191cn2LKfKo3P1Ulm%2BemeJqpw215QggUercSMPUcW9UbLnYZX3BlOob%2B0%2FyrMI9sLPpktj3jcFJdejSoCeZtnfuaNi7PVESgcelDL37c8t015fYBiLlAWM8%2B1a6YQkgId9qzar7trD2sMoSB7QkKkNc60JRTBKNBABA%3D%3D%7Ctkp%3ABk9SR5LX4pLZZQ,1.75,2025-05-06 00:00:00,2023 Topps Pristine Road To Euro 2024 - Pristine Black Refractor #177 Yasin Ayari,35.0,24787058.0
421504.0,Yasin Ayari 2023 Topps Pristine Road To UEFA Euro National Debut Auto [dbJ28,$4.00,"Apr 14, 2025",letsgocardcn,13689,99.7,https://www.ebay.com/itm/376149779575?_skw=2023+Unknown+Yasin+Ayari&epid=8067683386&itmmeta=01JV4JRNDV2ZXVK0GSFXE825JV&hash=item5794462477:g:c0YAAOSwyltn3hf1&itmprp=enc%3AAQAKAAAA0FkggFvd1GGDu0w3yXCmi1d6ZF7OVmxUiCDpRl4z1oeP06BcOqQFNiSs%2Fp3dNbybR%2B4Wpkjm7PsQyEHVdxc1E4wZ%2FuT%2Flc5ef9PTiy%2BRVUETaYmjCpR5rlQnTcz74cUGnosZN8lmQHoHabo14PIT2Ef3tP%2FLBKbqY55hH16bPNGUjC8yXs%2BuYun91KcGPT9rL3EiFQQ8aY6E4LukLdM4A%2F9MGeqc5L7oybW7VSmqkiQKoDXol2CQFPCGhsWl1JTrgh7CUojyAZBR4nMsTOKuK1A%3D%7Ctkp%3ABk9SR5LX4pLZZQ,4.0,2025-04-14 00:00:00,2023 Topps Pristine Road To Euro 2024 - Pristine Black Refractor #177 Yasin Ayari,31.0,24787058.0
421504.0,2023 Topps Pristine Road To Euro 2024 Yasin Ayari Auto #PA-YA,$3.00,"May 12, 2025",dcsports87,846626,99.8,https://www.ebay.com/itm/376229347574?_skw=2023+Unknown+Yasin+Ayari&itmmeta=01JV4JRNDVDJN8VQEY1GV02D75&hash=item57990440f6:g:OLAAAeSwEYFoG47I&itmprp=enc%3AAQAKAAAA0FkggFvd1GGDu0w3yXCmi1eOdRd2Yk1KwxmRhFyM13R%2BAAdiBrugYLKYk09Squti7omqqzpAaj7xnb8%2Fzh5Zp4wfyJVEp5IOC6zyS2GvIW3MhgU%2BsN%2FAHmOHVCnErqmaJKDoxYGnDLIpkunlIKcLpqWl4iwpYECNvHP%2B%2BN47TQCSiLnmDhnF1ETC9VpX7hXaO3ATznrBaofpkxjVC5Es6Kt2QPEhAoQ63%2Fm2nIXXtEBuVqokZ%2FoEmwFfIIsbPUJ84nRSml%2Bp003iSuyHbefrHKE%3D%7Ctkp%3ABk9SR5LX4pLZZQ,3.0,2025-05-12 00:00:00,2023 Topps Pristine Road To Euro 2024 - Pristine Black Refractor #177 Yasin Ayari,35.0,24787058.0
421504.0,2023 Topps Pristine Road to UEFA Euro 2024 - Autographs #PA-YA Yasin Ayari (AU),$5.00,"May 11, 2025",hollwe_65,37,100,https://www.ebay.com/itm/135762235061?_skw=2023+Unknown+Yasin+Ayari&epid=8067683386&itmmeta=01JV4JRNDVC7PF7791D20X39G6&hash=item1f9c0f4eb5:g:ddgAAOSw40Bm6N3q&itmprp=enc%3AAQAKAAAA8FkggFvd1GGDu0w3yXCmi1eQcl93MLb7GC0cPRxGEQqvld4iyK6JEiLPtv%2BmOy1UEAOycz5047nFL6wejd4Tdut6y7FCLcd4dDfi%2FfVdRfUMZLZ07%2F6iwDQduDvgW0%2BNRiXErdW%2FrLYdkeKzkYkrHItolRj7WNi4g%2Bd9pVnKGw8g8kR9ouQe8yVJoEczW%2B1F9K0vkmoJzr0f7fF01F7cSgAIWAlxTSPqvmOr9htMD9ogXB9gvRoy0QFH5xV6CUtSbvuoefRdLvxzTpOSYG%2FI%2BG2Q890nYkxKSSNluZlBXaEnqDGZ04lofguzBCM6F2aRNw%3D%3D%7Ctkp%3ABk9SR5TX4pLZZQ,5.0,2025-05-11 00:00:00,2023 Topps Pristine Road To Euro 2024 - Pristine Black Refractor #177 Yasin Ayari,35.0,24787058.0
421504.0,2023 Topps Pristine Road to Euro '24 Pristine Autographs #PAYA Yasin Ayari AUTO,$3.50,"Mar 25, 2025",hoodyscollectibles,199879,99.9,https://www.ebay.com/itm/135633524713?_skw=2023+Unknown+Yasin+Ayari&epid=8067683386&itmmeta=01JV4JRNDV717HJDQEYWJ6ZBFZ&hash=item1f946357e9:g:eFMAAOSweUln2VbF&itmprp=enc%3AAQAKAAAA8FkggFvd1GGDu0w3yXCmi1f0MqjJIzPZfNNZqaXnZRnbzapB9nJvBhJbsjEFEw6DG3lkSDAl%2Blw%2BFSmGXtb%2B%2F0Ku7l3unrdi7YydrwPNZ8y3kzRgGbdIz5gmjli3LcV%2BleawlwBapN1z0pxTspHgkNHU7O2Nz3sAIWUIEuctsUs3UfBPYLlJ4cR2%2F55fTV7ts7n1CwPiZ9BwlzqoKSW%2BO7kHhtacVp8uLu984bhADQfG7Rr5k4%2FCeuvS8c8ykTfefnwvL8M1cR058rXBWOVmVWNFsjno0p2u6xBR5XYsnv8scP0JuEsJlStYvoJBoW44Yg%3D%3D%7Ctkp%3ABk9SR5TX4pLZZQ,3.5,2025-03-25 00:00:00,2023 Topps Pristine Road To Euro 2024 - Pristine Black Refractor #177 Yasin Ayari,31.0,24787058.0
421504.0,2023 Topps Pristine Road To Euro 2024 #PA-YA Yasin Ayari Pristine Autographs BLC,$2.30,"Mar 21, 2025",1of1cardshop,6711,99.8,https://www.ebay.com/itm/187045269639?_skw=2023+Unknown+Yasin+Ayari&epid=8067683386&itmmeta=01JV4JRNDV8J9KZ77VQ4P74B0D&hash=item2b8cc45087:g:JHAAAeSwCWRn1Fb9&itmprp=enc%3AAQAKAAAA8FkggFvd1GGDu0w3yXCmi1fd43176Ia4mkhnKyqsRdRIFFQKANYJIo3CBQ%2F4qEcv7aeWNdIc8ybdNxMVM1KR%2B8KGeunwcdnjrYPJI4Krc1Be%2FZKwHPPnPHKzPLqjJzUXqs4o9O8JPSsh%2FxYNA%2FPpkDFH3m0lrB0iULuxDx9BBjvMWL8wetJ6tqAwvS%2BAQ4v%2FENt3GcLXTIzEPpoEC6tB1pos0snCAGfyGKwDCAXSaArkGfSQZFI4%2FELhYiRqhuHw1pa2P7fbggqdA6hyEYIIEUYKNdn%2FX7xCDdOLw5hwp5mV7XMli4KxYd6pZJxL86AgpA%3D%3D%7Ctkp%3ABk9SR5TX4pLZZQ,2.3,2025-03-21 00:00:00,2023 Topps Pristine Road To Euro 2024 - Pristine Black Refractor #177 Yasin Ayari,35.0,24787058.0
421504.0,2023 Topps Pristine Road to UEFA Euro 2024 - Encased Autographs Yasin Ayari ,$1.25,"Feb 28, 2025",lzjz.pco,83,100,https://www.ebay.com/itm/167332586214?_skw=2023+Unknown+Yasin+Ayari&epid=8067683386&itmmeta=01JV4JRNDVC17X38VGMYRJR7BG&hash=item26f5cca2e6:g:XK0AAeSwtG1nuVmd&itmprp=enc%3AAQAKAAAA0FkggFvd1GGDu0w3yXCmi1dwunQJRqKd4BorQgiRJo0Pkf5cFHYIuXF81TlcebNuEjDGrpUp43UZ8a0oIyicudfJKgBscrZe4DBenvzxhS6t2rcHABvRZ1kY6sE3wysR2j1mihVRja5bZxzE%2B3k30a8wvIgD0ZcJhyQChQgUH%2F5PnU%2Flwwv%2BNOEYSPeFz2aoBXz9IqXLmC%2FEkIGg3uBUc7agNVulYwR%2FdLV6moK70lXxsomENrbxHEf5DGicmyyGdgbTFugD0Hc%2FLn4sAjkZMnA%3D%7Ctkp%3ABk9SR5TX4pLZZQ,1.25,2025-02-28 00:00:00,2023 Topps Pristine Road To Euro 2024 - Pristine Black Refractor #177 Yasin Ayari,35.0,24787058.0
421504.0,Yasin Ayari 2023 Topps Pristine Road to Euro 2024 National Debut Gold 33/50,$1.00,"Mar 24, 2025",letsgocardcn,13689,99.7,https://www.ebay.com/itm/376083765913?_skw=2023+Unknown+Yasin+Ayari&epid=24067678490&itmmeta=01JV4JRNDVNTM1Z0CESDHH6RB9&hash=item579056da99:g:Xe4AAOSw6vZn25Pr&itmprp=enc%3AAQAKAAAA0FkggFvd1GGDu0w3yXCmi1csHlY5u0bQACC2VGjTyEEMS9ABc5QH9EjnZ8FyqJFWLZuDcjB5nl7yEJvOp2DmtTCcQvbFWjO--AUMksqfN5sXKcXBqeCWrLkCMZYbL%2BfOvNF3kh2%2BVnYYmryFMJOVRcMv0xjJrKU%2FmI0Z2W%2FsT0M8dYt8GkoKVVI7Hm5EFGM%2BIfz77fNCWwll5YPBrutwoFUMlGQvnoCMrD1ZVFGUYVcEJBfl1L9gSndAWsX4ar57QhK78cFXknmBElVkNgUDLy0%3D%7Ctkp%3ABk9SR5TX4pLZZQ,1.0,2025-03-24 00:00:00,2023 Topps Pristine Road To Euro 2024 - Pristine Gold Refractor #177 Yasin Ayari,40.0,24789078.0
421504.0,2023 Topps Finest Road To UEFA EURO 2024 Blue Card : Yasin Ayari #089/150,$1.50,"Mar 16, 2025",goldenwolf14,4068,100,https://www.ebay.com/itm/356657030165?_skw=2023+Unknown+Yasin+Ayari&epid=17066399905&itmmeta=01JV4JRNDVKPJ96Z3GKKBNR02A&hash=item530a6a6415:g:IqkAAOSwokFmRrda&itmprp=enc%3AAQAKAAAA8FkggFvd1GGDu0w3yXCmi1cTNLgY0IhWNghLNnz0%2FtZdT13JQGemni91A%2BDD8DDFPZc3IpXQkLgddkCJitKIQXArncgMmxg8tFLMAMrVP61YiWLWuk%2FXhwI%2BpXjMyh%2FyWhSCShoFf%2BTLvwbvzN6eqaHYAlxESsPkA64t6%2BUfSVglgxfnrGhTE3fsODeeSLa9ly0E0KInIg6mp2EhrxdyuHU16H6of3Pm7NdytbtW%2FV%2Bifsn4xQ5qI8U0PLVFpMwoksxnvsF4sUxTT28NKLH1YCEIs8WzB9dmhk6IcB7%2BC5Q2h%2FzbGbAUjZMsZnRV6byoOA%3D%3D%7Ctkp%3ABk9SR5TX4pLZZQ,1.5,2025-03-16 00:00:00,2023 Topps Pristine Road To Euro 2024 - Blue Refractor #177 Yasin Ayari,33.0,24788068.0
421504.0,2023 Topps Pristine Road to UEFA Euro 2024 Pristine Autograph #PA-YA Yasin Ayari,$2.00,"Apr 26, 2025",collectors-central,206,99.5,https://www.ebay.com/itm/236062497060?_skw=2023+Unknown+Yasin+Ayari&epid=8067683386&itmmeta=01JV4JRNDVV5MXPWM6P3HHWBXK&hash=item36f66bd924:g:DhUAAOSwdGZoBDTy&itmprp=enc%3AAQAKAAAA8FkggFvd1GGDu0w3yXCmi1cIvtVXbOkB0MrXOVZFAHvEE%2B1npfa9qkVPtVsSDp8hwFSnhIdMWLeUcCiaRxSNEt%2BUe3I5DPbOd2La%2FV%2FKhdXitopJOr3fi5u6JN5b71vEfk3mFM0kViNtDL%2FVs4LoMGGpUNPtnusvJS4NNN7sJ5OgVymSy7i8Z3keCIqG3HuYP3QUHg6Sto1Z0cVwL96abm%2B%2BjVMlOvquIupvOG0QNqOA%2BbUleHRzRZtl5Imh%2FjDkqOI9cptvzpu%2Ft6Faz4htoL5yFpeu8IAQHNDIU8IFz9FgWRVpbo8HqMTpGkXTpaq8Aw%3D%3D%7Ctkp%3ABk9SR5TX4pLZZQ,2.0,2025-04-26 00:00:00,2023 Topps Pristine Road To Euro 2024 - Pristine Black Refractor #177 Yasin Ayari,35.0,24787058.0
421504.0,Yasin Ayari 2023 Topps Pristine Road to UEFA EURO 2024 Pristine Blue 12/75,$1.00,"Apr 9, 2025",letsgocardcn,13689,99.7,https://www.ebay.com/itm/376134436477?_skw=2023+Unknown+Yasin+Ayari&epid=2338731975&itmmeta=01JV4JRNDVYAKQTF56X5KPSY7R&hash=item57935c067d:g:Q5cAAOSwcEpn8I7Y&itmprp=enc%3AAQAKAAAA8FkggFvd1GGDu0w3yXCmi1cS%2Fb9K7YPaF20S1g5rS%2BS1Q6qMWrpEnfRaYX6KcKZFTX0Wls1UeIfrIxd9qGclqXKEOS9wz1WuGHbudqFHFM3tIhCFlI9QaVBXigwkGm9ig3ANHM7W2nI%2BLSV5dgQ8g%2FFC4iq2EvXu%2FGiWPDoo4gz1PcjqMSXKzMiEhOtGW3%2BO5NtIm%2F6ilkk3KCC5%2BXvAwLp%2FwEGaUoaaSZ6zsjcIMfPsYe71YIkw1xpB7r8MLOCjdHApi1rA8jCCGNtj1CrUKiM4xOhth7ydR4ljq6qkEWXQmBSCh1gyNrFJxuqUPaHEIg%3D%3D%7Ctkp%3ABk9SR5TX4pLZZQ,1.0,2025-04-09 00:00:00,2023 Topps Pristine Road To Euro 2024 - Pristine Blue Refractor #177 Yasin Ayari,40.0,24787866.0
421504.0,2023 Topps Pristine Road to Euro 2024 #PA-YA Yasin Ayari 1/1 Superfractor Debut,$315.00,"Apr 28, 2025",duckbirds,86,100,https://www.ebay.com/itm/127067380775?_skw=2023+Unknown+Yasin+Ayari&epid=21067693242&itmmeta=01JV4JRNDVR78FV0980Z58JV35&hash=item1d95ce5c27:g:vQUAAeSwHJFn~Uwb&itmprp=enc%3AAQAKAAAA8FkggFvd1GGDu0w3yXCmi1dNjtqXlh2gMU756cXwLI%2Bkf%2Fba2dWpI%2FlB8HbC%2BmOyBSEfLs6pktk4xvNhyYWSpK7qRP63LCQCPB9olFA0TvByLbPdwlllO9gVtTO92q3cunpKyyA0Kl9B9%2FzuV9vx2yDlQX8MFSRDnq4%2FIecVGtoDgiIX3kS2Cit7bRvLFHWcUrWyNZ1loo29PIGJwmWtxum8GrC7um1KqpeaokebCF1Weuho6nM%2BoS%2BgB3hlojEfwI6cJ9B5EjRL7hYKLlu8SBEGRDiVaI3SfRqU6uxYc7pQsUAbQ7cylJT%2FaQ1uVVyHtA%3D%3D%7Ctkp%3ABk9SR5TX4pLZZQ,315.0,2025-04-28 00:00:00,2023 Topps Pristine Road To Euro 2024 - SuperFractor #177 Yasin Ayari,45.0,24786856.0
421504.0,2023 Topps Pristine Road To UEFA EURO 2024 Yasin Ayari Auto National Debut RC,$1.99,"Mar 5, 2025",lana2326,19411,99.6,https://www.ebay.com/itm/376025906347?_skw=2023+Unknown+Yasin+Ayari&epid=8067683386&itmmeta=01JV4JRNDVSCJ2H928VJHJTN4Q&hash=item578ce3fcab:g:-XIAAOSwt9dnvy7m&itmprp=enc%3AAQAKAAAA8FkggFvd1GGDu0w3yXCmi1czR4TvA6wB6zHsZ4HuRR%2FI%2BSBWHZXUdKbjf%2B4K2B0QuJqcrRePgGBmNZVxqNog9Diks%2FBR5oFWJ6MVsr%2BAV1WgM41uaKvl0lsefmmeo0qvb9Il8mNJy9z7XNXLaOsamm29Y%2FixgEF9jKufJUMVzyEbXCKUj2e4kn9rO957XaifWVetCBMCpUSaxf%2FFq7G3puTl7L0YOSX%2FzCozuuQrawA2UwysffKWZ4jdontvKHCuzsFIlIisldZVRM6nY37I5h95hM8oJPiBqVnJpD8qb9i%2FHtIQwHgqTDXJWjRfu--4NA%3D%3D%7Ctkp%3ABk9SR5TX4pLZZQ,1.99,2025-03-05 00:00:00,2023 Topps Pristine Road To Euro 2024 - Pristine Black Refractor #177 Yasin Ayari,35.0,24787058.0
421504.0,2023 Topps Pristine Road To UEFA Euro 2024 Yasin Ayari Auto Autograph #PA-YA (B),$2.99,"May 12, 2025",coastalsportscards1,19673,99.7,https://www.ebay.com/itm/167496352991?_skw=2023+Unknown+Yasin+Ayari&epid=8067683386&itmmeta=01JV4JRNDVWZS860FGQG5NH76X&hash=item26ff8f84df:g:iFsAAOSwsIpnd~BZ&itmprp=enc%3AAQAKAAAA8FkggFvd1GGDu0w3yXCmi1dQLTPqzkiKevt3Knxt8uuh4u3eJ0ZIQLLM8us1xKCdAAXzIv0NBlU4E6Gbfxuw30HFevVyeldymvVUpi9IPyDVEcVfIw7ue41kCUoD6M7d%2FV63AjWFSd2h%2BV%2ByqDcgS2CFe15HXJCdQXBThHW6hrfpAeB3yT%2BZqx79oxICGmobvxU8fNdcNAUCWZsUbNEjd8O9%2BsvsHAUj4DurbyQ2vZSc9en1Jk48SquLrjKeJY7ufFesccuOEwNWh5sYlw0nN09ErrkERQzv7Ow1S%2B0hd938%2BogZwOS%2FySO9QOupW3mD6w%3D%3D%7Ctkp%3ABk9SR5TX4pLZZQ,2.99,2025-05-12 00:00:00,2023 Topps Pristine Road To Euro 2024 - Pristine Black Refractor #177 Yasin Ayari,35.0,24787058.0
421504.0,Yasin Ayari 2023 Topps Pristine Road To UEFA Euro National Debut Auto [dbJ28,$3.25,"Mar 26, 2025",letsgocardcn,13689,99.7,https://www.ebay.com/itm/376088639502?_skw=2023+Unknown+Yasin+Ayari&epid=8067683386&itmmeta=01JV4JRNDVGGD7ZS0ANQP9R76B&hash=item5790a1380e:g:c0YAAOSwyltn3hf1&itmprp=enc%3AAQAKAAAA8FkggFvd1GGDu0w3yXCmi1cWNcK5o69llVnz0CZrHLDhZpEJ7LoB2pgbHeaN2IttIPMpHANvMJfnYmomoGb7GKLqYE1fQXH7KunDBpQY1x0gVqsm6w7k%2BQrHi%2F7dRYM6COgHqN68HYsMIfbNjgGUA4sk%2FUdD9n%2FvNF9iXIF6CsKd9SxCi9640CvdDC5L%2BrvZWNgfEVFStxflerMHxEWmHNKEgXeLaBwvVJzn6p2Alxo8OYsNb%2FX143f2EYHcz6TwBRYjOVDKerPNs8Uf2mgOT1cCdlmOU6M1oOk2zxco3DKdy%2Fe7hvu94Tm%2FNONGpaj7Zg%3D%3D%7Ctkp%3ABk9SR5bX4pLZZQ,3.25,2025-03-26 00:00:00,2023 Topps Pristine Road To Euro 2024 - Pristine Black Refractor #177 Yasin Ayari,31.0,24787058.0
421504.0,Yasin Ayari 2023 Topps Pristine Road to Euro 2024 Auto National Debut [dbK73,$2.55,"Mar 30, 2025",letsgocardcn,13689,99.7,https://www.ebay.com/itm/376099342000?_skw=2023+Unknown+Yasin+Ayari&epid=8067683386&itmmeta=01JV4JRNDVN2GGKJ3FYSWMPBY6&hash=item57914486b0:g:jQAAAOSwzkFn421Z&itmprp=enc%3AAQAKAAAA8FkggFvd1GGDu0w3yXCmi1dTrSf3FbMTQuX33C5HARM2iGCIEE%2BK%2Bqlgx7XkTh4lKg0MQRXl6fOSAzGbViACRTaXhMhXXtdTimTGvVFf77dc%2BkVdYbmwDV%2BsrNZpdi%2BWUzkOkpRQDKuHI6vJCuQYGHF1wycv3D6ZpeWOotNa7ch8n%2BzvZAobnJsE5Ah5XolbtstHDUym%2FBukHAcbuGWcp4Bh9uhlbqgwS%2BsZYcD2cpHIWCcGFxRxaCtNhCvz7YhKsblkLNp9qvyFHWiOiA9JB4U2LyvUi171Ueezos5VsZk9WU8QtBoKCfBjFTh5%2BCZnkQ%3D%3D%7Ctkp%3ABk9SR5bX4pLZZQ,2.55,2025-03-30 00:00:00,2023 Topps Pristine Road To Euro 2024 - Pristine Black Refractor #177 Yasin Ayari,35.0,24787058.0
421504.0,2023 Topps Pristine Road To Euro 2024 #PA-YA Yasin Ayari Pristine Autographs BLC,$1.00,"Apr 1, 2025",1of1cardshop,6711,99.8,https://www.ebay.com/itm/187079085046?_skw=2023+Unknown+Yasin+Ayari&epid=8067683386&itmmeta=01JV4JRNDV2NBYYEMHBDAWPN60&hash=item2b8ec84bf6:g:JHAAAeSwCWRn1Fb9&itmprp=enc%3AAQAKAAAA8FkggFvd1GGDu0w3yXCmi1eyPRvscih9UftMNgG8aImZwGQtJdvz8mnmIpSJ8vGdKi91mNQtMAMcjgLh5wV%2FiuUvyFSxoz3B%2BonuMT5NhNbAW%2F%2BbAW3wRpG%2F8dYU4fGvICl1rJYV2qKaPpEAvXqcTdAm5hZMJWMxhrekxgcAPEd7HD8gXfXeCMomnh6eyhbtCFwnBN%2FO8vceDcT2V%2BS7lOH1RQsSFhcZs7DdGKUAHPSuwNUuJpgr%2BG2ngef49qu7bese63b4jd60T%2F91iEqw7EQJXxgI5LgOZDZZN0JqGyiT%2FsIfiIt0BrQkrFC8amjS4A%3D%3D%7Ctkp%3ABk9SR5bX4pLZZQ,1.0,2025-04-01 00:00:00,2023 Topps Pristine Road To Euro 2024 - Pristine Black Refractor #177 Yasin Ayari,35.0,24787058.0
421504.0,Yasin Ayari 2023 Topps Pristine Road To UEFA Euro National Debut Auto [dbJ28,$7.00,"Apr 26, 2025",letsgocardcn,13689,99.7,https://www.ebay.com/itm/376188568335?_skw=2023+Unknown+Yasin+Ayari&epid=8067683386&itmmeta=01JV4JRNDVWC8HJXXT3VNZ68HJ&hash=item579696030f:g:c0YAAOSwyltn3hf1&itmprp=enc%3AAQAKAAAA8FkggFvd1GGDu0w3yXCmi1fBUUsaF%2BIl%2B1dY5YCxvzu216LmIiZfd0eVxQSJAgUDIsqkfzTvX%2FnUy5rlLlE4Q1aE3ldyT5BGjNbAcBWwOeQpfDjUFo9egGuNcSXB1UV0Pt2wY98P%2FPLbxF9%2FGsSnfAVDHRYXFMbREia7vqTRxYLePK9BlXUIduLbVZDwR2e908Ntc8S4V7fdSFC0FkF1JaUt2FRjqMX%2B4amQ3mwwYy9YhPnSzQoeCH%2BMZ5ELudxWL0TuSZneEjsvWsChQkI6z2g9H%2B4%2BFEY2gxPVbakUg03BkqJmIi9AYs6%2FW8doVYMAzg%3D%3D%7Ctkp%3ABk9SR5bX4pLZZQ,7.0,2025-04-26 00:00:00,2023 Topps Pristine Road To Euro 2024 - Pristine Black Refractor #177 Yasin Ayari,31.0,24787058.0
421504.0,Yasin Ayari 2023 Topps Pristine Road To UEFA Euro National Debut Auto [dbJ28,$3.65,"Apr 2, 2025",letsgocardcn,13689,99.7,https://www.ebay.com/itm/376107484840?_skw=2023+Unknown+Yasin+Ayari&epid=8067683386&itmmeta=01JV4JRNDVTWPA6S0Z22B9TF83&hash=item5791c0c6a8:g:c0YAAOSwyltn3hf1&itmprp=enc%3AAQAKAAAA8FkggFvd1GGDu0w3yXCmi1f%2BVxs73X9HkbnF4Yii4JvxNcDfLk74dEN48uJECwhr1mC%2FJdk7tv%2FjwqwdkjDFN9uYmLLmtosSdug4kzFVCP1K1rOcx2lBo%2Bm0WN2lHjJF--K4IWt9Fpt2QXJi0ypY34LbWheiE54OYpp%2BJqaIJQ2oBn4aq9laF5oyj%2Ba5jV5BeT5q5FYExUO%2BDeHZDUe69vmvnSCJKVBtvIjlRFyvzD5iXIw6xdNfDWKEoPKiVJ7hKfQlDmcXJ7AgMMgvIWjAY5IrxS6030nNlloOnx96f3uLm7AGfAzpQCsbEzOt6qSmxQ%3D%3D%7Ctkp%3ABk9SR5bX4pLZZQ,3.65,2025-04-02 00:00:00,2023 Topps Pristine Road To Euro 2024 - Pristine Black Refractor #177 Yasin Ayari,31.0,24787058.0
421504.0,2023-24 Topps Pristine UEFA Euro 2024 Pristine Auto Yasin Ayari #PA-YA Rookie,$9.50,"Jan 29, 2025",taca-autoparts,436,98.2,https://www.ebay.com/itm/396084634215?_skw=2023+Unknown+Yasin+Ayari&epid=8067683386&itmmeta=01JV4JRNDVS38T2J5DRWH58CJW&hash=item5c387be267:g:DlMAAOSwUFVmWYsH&itmprp=enc%3AAQAKAAAA0FkggFvd1GGDu0w3yXCmi1f%2F6pXLeJl6HuzmorxbIzpMTG9G9lV9bbrbBR9NvsHDogF%2FKkSPigZXRm3yUlEzUVq2YsKFdV4CnZUf23v%2Bz%2BoviGpNzEjqzb4rwBJLwHT5nsauIxfcKEwq2AdExBNHqUmSVCp%2FS4yV6kb8m2D70igUFD6QPc%2FdJoUtNCsJPbk11H0O2C2T5Az7JnvOtdAB1guqf%2BNPC%2B1ueK2aivKWzW4Gt5rD0FMccJNt9Fr1iBSF5tqVKMJN9iRLP1rRBY5%2F9vM%3D%7Ctkp%3ABk9SR5bX4pLZZQ,9.5,2025-01-29 00:00:00,2023 Topps Pristine Road To Euro 2024 - Pristine Black Refractor #177 Yasin Ayari,31.0,24787058.0
421504.0,2023 Topps Pristine Road to UEFA Euro 2024 - Autographs #PA-YA Yasin Ayari (AU),$5.00,"Feb 21, 2025",hollwe_65,37,100,https://www.ebay.com/itm/135555125891?_skw=2023+Unknown+Yasin+Ayari&epid=8067683386&itmmeta=01JV4JRNDVFZK2DB2RVVVQDRCR&hash=item1f8fb71283:g:ddgAAOSw40Bm6N3q&itmprp=enc%3AAQAKAAAA0FkggFvd1GGDu0w3yXCmi1e0C5joYDt3CjJ5TMSGbQbTc1Rx9Kpzfa33YeAuHS6M1%2Bq9iaho%2F%2BWGe7Lchr1ePbZUTCgkQxZX9WZibjRQaOM6wmMDKDyg5bYO5Apcan6d5wdV0KixDrD7bSpVYtATbC19HlBQRKPZCPrhC1t7YT7WRKW6R7pFidUjEZ1Aop3W4o7qiIu03RAinXDWdMt%2Bkue92T6qomNNIY4dfUn%2BzX%2FYDoFk3lcmlbaXbH7E0u%2Bz7IkSlf3I5gK6q0S8FrpFt%2Bo%3D%7Ctkp%3ABk9SR5bX4pLZZQ,5.0,2025-02-21 00:00:00,2023 Topps Pristine Road To Euro 2024 - Pristine Black Refractor #177 Yasin Ayari,35.0,24787058.0
421504.0,Yasin Ayari 2023 Topps Pristine Road to Euro 2024 Auto National Debut [dbK73,$5.00,"Apr 11, 2025",letsgocardcn,13689,99.7,https://www.ebay.com/itm/376141377103?_skw=2023+Unknown+Yasin+Ayari&epid=8067683386&itmmeta=01JV4JRNDV25PHXF9JHZ8WX6AG&hash=item5793c5ee4f:g:jQAAAOSwzkFn421Z&itmprp=enc%3AAQAKAAAA8FkggFvd1GGDu0w3yXCmi1eBXhCpHoas%2FaAT6rPfWb5rIFqc2eJ3MeN29D%2F1c0kJgfkm2P%2FgUTd1mYOGYu5g%2F9nK69I%2BD3agDqL1bE5E9BvfGDW5AUznBjil096KF5TBCmd44QkFFIEK2N%2BIOknA2aWZhBwgVoARTTFt62LDicuE2pXiiDV7pRt2VePg8DHBNvWuEXdzIT8DONoeQcSFP41u4NazZF4BYr9LjCOTreVxHRkbaegnV8a%2Fl7lGS%2BP67YJqxS37hrEd4HHkvIKRr96%2Bpsr54Z0debuvTUK%2F6nXVjRYI7RF7lIKyN5MW%2F9wLkw%3D%3D%7Ctkp%3ABk9SR5bX4pLZZQ,5.0,2025-04-11 00:00:00,2023 Topps Pristine Road To Euro 2024 - Pristine Black Refractor #177 Yasin Ayari,35.0,24787058.0
421504.0,2023 Topps Pristine Road To Uefa Euro 2024 Yasin Ayari National Debut Auto,$6.57,"Mar 26, 2025",projekt_gamez,4943,99.9,https://www.ebay.com/itm/156830893459?_skw=2023+Topps+Yasin+Ayari&itmmeta=01JV4JSAVJJGNDAPP6H1R98EKV&hash=item2483d98593:g:yToAAOSw5j1n4u7s&itmprp=enc%3AAQAKAAAA0FkggFvd1GGDu0w3yXCmi1c9nsYCRR6c%2BBI%2BlJ%2Bi6XulNDGPcykDrFTRT5jXxKgmMA3rx6WxxLA12DTXM0GqwdfBZXH43kQh7%2BhVuZ%2FzlRwJPUeSqlRfEvXBUor7dscrovde4%2BJIzBUEkQRv1IM1fwCA%2FuF8wEMz5lvI5WjKrYrNKlXQI4pAE4DNsVLZGhWpOVCXpP%2BslYmEyW6mOkEx0hC%2BjwKj8GUzlxqslStTac%2BVQlcWs6I6eATjgLl%2Fsp4yFlXT9A3eY6lRau135kLHOcw%3D%7Ctkp%3ABk9SR4Su5ZLZZQ,6.57,2025-03-26 00:00:00,2023 Topps Pristine Road To Euro 2024 - Pristine Black Refractor #177 Yasin Ayari,35.0,24787058.0
