set_id,set_name,url,year,manufacturer,parallel,set_short
351085,2022-23 Score Ligue 1 ,https://www.tcdb.com/Checklist.cfm/sid/351085/2022-23-ScoreLigue1,2022-23,Score,Base,Ligue 1
351095,2022-23 Score Ligue 1,https://www.tcdb.com/Checklist.cfm/sid/351095/2022-23-Score-Ligue-1---Black-Lasers,2022-23,Score,Black Lasers,Ligue 1
351094,2022-23 Score Ligue 1,https://www.tcdb.com/Checklist.cfm/sid/351094/2022-23-Score-Ligue-1---Black-Swirl,2022-23,Score,Black Swirl,Ligue 1
351089,2022-23 Score Ligue 1,https://www.tcdb.com/Checklist.cfm/sid/351089/2022-23-Score-Ligue-1---Blue-Laser,2022-23,Score,Blue Laser,Ligue 1
351104,2022-23 Score Ligue 1,https://www.tcdb.com/Checklist.cfm/sid/351104/2022-23-Score-Ligue-1---Breakthrough,2022-23,Score,Breakthrough,Ligue 1
351107,2022-23 Score Ligue 1,https://www.tcdb.com/Checklist.cfm/sid/351107/2022-23-Score-Ligue-1---Breakthrough-Black-Lasers,2022-23,Score,Breakthrough Black Lasers,Ligue 1
351106,2022-23 Score Ligue 1,https://www.tcdb.com/Checklist.cfm/sid/351106/2022-23-Score-Ligue-1---Breakthrough-Black-Swirl,2022-23,Score,Breakthrough Black Swirl,Ligue 1
351108,2022-23 Score Ligue 1,https://www.tcdb.com/Checklist.cfm/sid/351108/2022-23-Score-Ligue-1---Breakthrough-Gold-Swirl,2022-23,Score,Breakthrough Gold Swirl,Ligue 1
351105,2022-23 Score Ligue 1,https://www.tcdb.com/Checklist.cfm/sid/351105/2022-23-Score-Ligue-1---Breakthrough-Purple-Lasers,2022-23,Score,Breakthrough Purple Lasers,Ligue 1
351090,2022-23 Score Ligue 1,https://www.tcdb.com/Checklist.cfm/sid/351090/2022-23-Score-Ligue-1---Bronze-Swirl,2022-23,Score,Bronze Swirl,Ligue 1
351093,2022-23 Score Ligue 1,https://www.tcdb.com/Checklist.cfm/sid/351093/2022-23-Score-Ligue-1---Gold-Swirl,2022-23,Score,Gold Swirl,Ligue 1
351096,2022-23 Score Ligue 1,https://www.tcdb.com/Checklist.cfm/sid/351096/2022-23-Score-Ligue-1---Green-Lasers,2022-23,Score,Green Lasers,Ligue 1
351114,2022-23 Score Ligue 1,https://www.tcdb.com/Checklist.cfm/sid/351114/2022-23-Score-Ligue-1---Intergalactic,2022-23,Score,Intergalactic,Ligue 1
351086,2022-23 Score Ligue 1,https://www.tcdb.com/Checklist.cfm/sid/351086/2022-23-Score-Ligue-1---Lasers,2022-23,Score,Lasers,Ligue 1
351098,2022-23 Score Ligue 1,https://www.tcdb.com/Checklist.cfm/sid/351098/2022-23-Score-Ligue-1---Orange-Lasers,2022-23,Score,Orange Lasers,Ligue 1
351091,2022-23 Score Ligue 1,https://www.tcdb.com/Checklist.cfm/sid/351091/2022-23-Score-Ligue-1---Pink-Swirl,2022-23,Score,Pink Swirl,Ligue 1
351097,2022-23 Score Ligue 1,https://www.tcdb.com/Checklist.cfm/sid/351097/2022-23-Score-Ligue-1---Purple-Lasers,2022-23,Score,Purple Lasers,Ligue 1
351088,2022-23 Score Ligue 1,https://www.tcdb.com/Checklist.cfm/sid/351088/2022-23-Score-Ligue-1---Red-Swirl,2022-23,Score,Red Swirl,Ligue 1
351092,2022-23 Score Ligue 1,https://www.tcdb.com/Checklist.cfm/sid/351092/2022-23-Score-Ligue-1---Silver-Swirl,2022-23,Score,Silver Swirl,Ligue 1
351087,2022-23 Score Ligue 1,https://www.tcdb.com/Checklist.cfm/sid/351087/2022-23-Score-Ligue-1---Swirl,2022-23,Score,Swirl,Ligue 1
380231,2022-23 Topps Chrome Sapphire Edition UEFA Club Competitions ,https://www.tcdb.com/Checklist.cfm/sid/380231/2022-23-ToppsChromeSapphireEditionUEFAClubCompetitions,2022-23,Topps,Base,Chrome Sapphire Edition UEFA Club Competitions
380234,2022-23 Topps Chrome Sapphire Edition UEFA Club Competitions,https://www.tcdb.com/Checklist.cfm/sid/380234/2022-23-Topps-Chrome-Sapphire-Edition-UEFA-Club-Competitions---Green,2022-23,Topps,Green,Chrome Sapphire Edition UEFA Club Competitions
380235,2022-23 Topps Chrome Sapphire Edition UEFA Club Competitions,https://www.tcdb.com/Checklist.cfm/sid/380235/2022-23-Topps-Chrome-Sapphire-Edition-UEFA-Club-Competitions---Orange,2022-23,Topps,Orange,Chrome Sapphire Edition UEFA Club Competitions
380238,2022-23 Topps Chrome Sapphire Edition UEFA Club Competitions,https://www.tcdb.com/Checklist.cfm/sid/380238/2022-23-Topps-Chrome-Sapphire-Edition-UEFA-Club-Competitions---Padparadscha,2022-23,Topps,Padparadscha,Chrome Sapphire Edition UEFA Club Competitions
380236,2022-23 Topps Chrome Sapphire Edition UEFA Club Competitions,https://www.tcdb.com/Checklist.cfm/sid/380236/2022-23-Topps-Chrome-Sapphire-Edition-UEFA-Club-Competitions---Purple,2022-23,Topps,Purple,Chrome Sapphire Edition UEFA Club Competitions
380237,2022-23 Topps Chrome Sapphire Edition UEFA Club Competitions,https://www.tcdb.com/Checklist.cfm/sid/380237/2022-23-Topps-Chrome-Sapphire-Edition-UEFA-Club-Competitions---Red,2022-23,Topps,Red,Chrome Sapphire Edition UEFA Club Competitions
380233,2022-23 Topps Chrome Sapphire Edition UEFA Club Competitions,https://www.tcdb.com/Checklist.cfm/sid/380233/2022-23-Topps-Chrome-Sapphire-Edition-UEFA-Club-Competitions---Yellow,2022-23,Topps,Yellow,Chrome Sapphire Edition UEFA Club Competitions
368300,2022-23 Topps Chrome UEFA Club Competitions ,https://www.tcdb.com/Checklist.cfm/sid/368300/2022-23-ToppsChromeUEFAClubCompetitions,2022-23,Topps,Base,Chrome UEFA Club Competitions
371804,2022-23 Topps Chrome UEFA Club Competitions,https://www.tcdb.com/Checklist.cfm/sid/371804/2022-23-Topps-Chrome-UEFA-Club-Competitions---Aqua-Lava-Refractor,2022-23,Topps,Aqua Lava Refractor,Chrome UEFA Club Competitions
369708,2022-23 Topps Chrome UEFA Club Competitions,https://www.tcdb.com/Checklist.cfm/sid/369708/2022-23-Topps-Chrome-UEFA-Club-Competitions---Aqua-Refractor,2022-23,Topps,Aqua Refractor,Chrome UEFA Club Competitions
369709,2022-23 Topps Chrome UEFA Club Competitions,https://www.tcdb.com/Checklist.cfm/sid/369709/2022-23-Topps-Chrome-UEFA-Club-Competitions---Aqua-Wave-Refractor,2022-23,Topps,Aqua Wave Refractor,Chrome UEFA Club Competitions
369716,2022-23 Topps Chrome UEFA Club Competitions,https://www.tcdb.com/Checklist.cfm/sid/369716/2022-23-Topps-Chrome-UEFA-Club-Competitions---Black-&-Gold-Seismic-Refractor,2022-23,Topps,Black & Gold Seismic Refractor,Chrome UEFA Club Competitions
369701,2022-23 Topps Chrome UEFA Club Competitions,https://www.tcdb.com/Checklist.cfm/sid/369701/2022-23-Topps-Chrome-UEFA-Club-Competitions---Black-&-White-Ray-Wave-Refractor,2022-23,Topps,Black & White Ray Wave Refractor,Chrome UEFA Club Competitions
369718,2022-23 Topps Chrome UEFA Club Competitions,https://www.tcdb.com/Checklist.cfm/sid/369718/2022-23-Topps-Chrome-UEFA-Club-Competitions---Black-Refractor,2022-23,Topps,Black Refractor,Chrome UEFA Club Competitions
369712,2022-23 Topps Chrome UEFA Club Competitions,https://www.tcdb.com/Checklist.cfm/sid/369712/2022-23-Topps-Chrome-UEFA-Club-Competitions---Blue-&-Gold-Seismic-Refractor,2022-23,Topps,Blue & Gold Seismic Refractor,Chrome UEFA Club Competitions
386247,2022-23 Topps Chrome UEFA Club Competitions,https://www.tcdb.com/Checklist.cfm/sid/386247/2022-23-Topps-Chrome-UEFA-Club-Competitions---Blue-Lava-Refractor,2022-23,Topps,Blue Lava Refractor,Chrome UEFA Club Competitions
369711,2022-23 Topps Chrome UEFA Club Competitions,https://www.tcdb.com/Checklist.cfm/sid/369711/2022-23-Topps-Chrome-UEFA-Club-Competitions---Blue-Refractor,2022-23,Topps,Blue Refractor,Chrome UEFA Club Competitions
371806,2022-23 Topps Chrome UEFA Club Competitions,https://www.tcdb.com/Checklist.cfm/sid/371806/2022-23-Topps-Chrome-UEFA-Club-Competitions---Gold-Lava-Refractor,2022-23,Topps,Gold Lava Refractor,Chrome UEFA Club Competitions
369715,2022-23 Topps Chrome UEFA Club Competitions,https://www.tcdb.com/Checklist.cfm/sid/369715/2022-23-Topps-Chrome-UEFA-Club-Competitions---Gold-Mini-Diamond-Refractor,2022-23,Topps,Gold Mini Diamond Refractor,Chrome UEFA Club Competitions
369714,2022-23 Topps Chrome UEFA Club Competitions,https://www.tcdb.com/Checklist.cfm/sid/369714/2022-23-Topps-Chrome-UEFA-Club-Competitions---Gold-Refractor,2022-23,Topps,Gold Refractor,Chrome UEFA Club Competitions
371805,2022-23 Topps Chrome UEFA Club Competitions,https://www.tcdb.com/Checklist.cfm/sid/371805/2022-23-Topps-Chrome-UEFA-Club-Competitions---Neon-Green-Lava-Refractor,2022-23,Topps,Neon Green Lava Refractor,Chrome UEFA Club Competitions
369703,2022-23 Topps Chrome UEFA Club Competitions,https://www.tcdb.com/Checklist.cfm/sid/369703/2022-23-Topps-Chrome-UEFA-Club-Competitions---Neon-Green-Shimmer-Refractor,2022-23,Topps,Neon Green Shimmer Refractor,Chrome UEFA Club Competitions
369704,2022-23 Topps Chrome UEFA Club Competitions,https://www.tcdb.com/Checklist.cfm/sid/369704/2022-23-Topps-Chrome-UEFA-Club-Competitions---Neon-Green-X-Fractor,2022-23,Topps,Neon Green X Fractor,Chrome UEFA Club Competitions
369707,2022-23 Topps Chrome UEFA Club Competitions,https://www.tcdb.com/Checklist.cfm/sid/369707/2022-23-Topps-Chrome-UEFA-Club-Competitions---Night-Vision-Ray-Wave-Refractor,2022-23,Topps,Night Vision Ray Wave Refractor,Chrome UEFA Club Competitions
371807,2022-23 Topps Chrome UEFA Club Competitions,https://www.tcdb.com/Checklist.cfm/sid/371807/2022-23-Topps-Chrome-UEFA-Club-Competitions---Orange-&-Gold-Seismic-Refractor,2022-23,Topps,Orange & Gold Seismic Refractor,Chrome UEFA Club Competitions
369717,2022-23 Topps Chrome UEFA Club Competitions,https://www.tcdb.com/Checklist.cfm/sid/369717/2022-23-Topps-Chrome-UEFA-Club-Competitions---Orange-Refractor,2022-23,Topps,Orange Refractor,Chrome UEFA Club Competitions
369710,2022-23 Topps Chrome UEFA Club Competitions,https://www.tcdb.com/Checklist.cfm/sid/369710/2022-23-Topps-Chrome-UEFA-Club-Competitions---Pink-Mini-Diamond-Refractor,2022-23,Topps,Pink Mini Diamond Refractor,Chrome UEFA Club Competitions
369705,2022-23 Topps Chrome UEFA Club Competitions,https://www.tcdb.com/Checklist.cfm/sid/369705/2022-23-Topps-Chrome-UEFA-Club-Competitions---Pink-Shimmer-Refractor,2022-23,Topps,Pink Shimmer Refractor,Chrome UEFA Club Competitions
369706,2022-23 Topps Chrome UEFA Club Competitions,https://www.tcdb.com/Checklist.cfm/sid/369706/2022-23-Topps-Chrome-UEFA-Club-Competitions---Pink-X-Fractor,2022-23,Topps,Pink X Fractor,Chrome UEFA Club Competitions
369702,2022-23 Topps Chrome UEFA Club Competitions,https://www.tcdb.com/Checklist.cfm/sid/369702/2022-23-Topps-Chrome-UEFA-Club-Competitions---Pulsar-Refractor,2022-23,Topps,Pulsar Refractor,Chrome UEFA Club Competitions
371803,2022-23 Topps Chrome UEFA Club Competitions,https://www.tcdb.com/Checklist.cfm/sid/371803/2022-23-Topps-Chrome-UEFA-Club-Competitions---Purple-&-Gold-Seismic-Refractor,2022-23,Topps,Purple & Gold Seismic Refractor,Chrome UEFA Club Competitions
371808,2022-23 Topps Chrome UEFA Club Competitions,https://www.tcdb.com/Checklist.cfm/sid/371808/2022-23-Topps-Chrome-UEFA-Club-Competitions---Red-&-Gold-Seismic-Refractor,2022-23,Topps,Red & Gold Seismic Refractor,Chrome UEFA Club Competitions
369719,2022-23 Topps Chrome UEFA Club Competitions,https://www.tcdb.com/Checklist.cfm/sid/369719/2022-23-Topps-Chrome-UEFA-Club-Competitions---Red-Refractor,2022-23,Topps,Red Refractor,Chrome UEFA Club Competitions
369700,2022-23 Topps Chrome UEFA Club Competitions,https://www.tcdb.com/Checklist.cfm/sid/369700/2022-23-Topps-Chrome-UEFA-Club-Competitions---Refractor,2022-23,Topps,Refractor,Chrome UEFA Club Competitions
369720,2022-23 Topps Chrome UEFA Club Competitions,https://www.tcdb.com/Checklist.cfm/sid/369720/2022-23-Topps-Chrome-UEFA-Club-Competitions---SuperFractor,2022-23,Topps,SuperFractor,Chrome UEFA Club Competitions
369713,2022-23 Topps Chrome UEFA Club Competitions,https://www.tcdb.com/Checklist.cfm/sid/369713/2022-23-Topps-Chrome-UEFA-Club-Competitions---Toppsfractor,2022-23,Topps,Toppsfractor,Chrome UEFA Club Competitions
469218,2022-23 Topps Total Football,,,,,
359025,2022-23 Topps UEFA Club Competitions ,https://www.tcdb.com/Checklist.cfm/sid/359025/2022-23-ToppsUEFAClubCompetitions,2022-23,Topps,Base,UEFA Club Competitions
364220,2022-23 Topps UEFA Club Competitions,https://www.tcdb.com/Checklist.cfm/sid/364220/2022-23-Topps-UEFA-Club-Competitions---Black-&-White-Icy-Foil,2022-23,Topps,Black & White Icy Foil,UEFA Club Competitions
364221,2022-23 Topps UEFA Club Competitions,https://www.tcdb.com/Checklist.cfm/sid/364221/2022-23-Topps-UEFA-Club-Competitions---Blue-Inferno-Foil,2022-23,Topps,Blue Inferno Foil,UEFA Club Competitions
364230,2022-23 Topps UEFA Club Competitions,https://www.tcdb.com/Checklist.cfm/sid/364230/2022-23-Topps-UEFA-Club-Competitions---FoilFractor,2022-23,Topps,FoilFractor,UEFA Club Competitions
364225,2022-23 Topps UEFA Club Competitions,https://www.tcdb.com/Checklist.cfm/sid/364225/2022-23-Topps-UEFA-Club-Competitions---Gold-Foil,2022-23,Topps,Gold Foil,UEFA Club Competitions
364222,2022-23 Topps UEFA Club Competitions,https://www.tcdb.com/Checklist.cfm/sid/364222/2022-23-Topps-UEFA-Club-Competitions---Green-Inferno-Foil,2022-23,Topps,Green Inferno Foil,UEFA Club Competitions
364217,2022-23 Topps UEFA Club Competitions,https://www.tcdb.com/Checklist.cfm/sid/364217/2022-23-Topps-UEFA-Club-Competitions---Icy-Aqua-Foil,2022-23,Topps,Icy Aqua Foil,UEFA Club Competitions
364229,2022-23 Topps UEFA Club Competitions,https://www.tcdb.com/Checklist.cfm/sid/364229/2022-23-Topps-UEFA-Club-Competitions---Icy-Black-Foil,2022-23,Topps,Icy Black Foil,UEFA Club Competitions
364223,2022-23 Topps UEFA Club Competitions,https://www.tcdb.com/Checklist.cfm/sid/364223/2022-23-Topps-UEFA-Club-Competitions---Icy-Blue-Foil,2022-23,Topps,Icy Blue Foil,UEFA Club Competitions
364215,2022-23 Topps UEFA Club Competitions,https://www.tcdb.com/Checklist.cfm/sid/364215/2022-23-Topps-UEFA-Club-Competitions---Inferno-Foil,2022-23,Topps,Inferno Foil,UEFA Club Competitions
364219,2022-23 Topps UEFA Club Competitions,https://www.tcdb.com/Checklist.cfm/sid/364219/2022-23-Topps-UEFA-Club-Competitions---Neon-Green-Foil,2022-23,Topps,Neon Green Foil,UEFA Club Competitions
364226,2022-23 Topps UEFA Club Competitions,https://www.tcdb.com/Checklist.cfm/sid/364226/2022-23-Topps-UEFA-Club-Competitions---Orange-Foil,2022-23,Topps,Orange Foil,UEFA Club Competitions
364216,2022-23 Topps UEFA Club Competitions,https://www.tcdb.com/Checklist.cfm/sid/364216/2022-23-Topps-UEFA-Club-Competitions---Pink-Sparkle-Foil,2022-23,Topps,Pink Sparkle Foil,UEFA Club Competitions
364234,2022-23 Topps UEFA Club Competitions,https://www.tcdb.com/Checklist.cfm/sid/364234/2022-23-Topps-UEFA-Club-Competitions---Printing-Plates-Black,2022-23,Topps,Printing Plates Black,UEFA Club Competitions
364231,2022-23 Topps UEFA Club Competitions,https://www.tcdb.com/Checklist.cfm/sid/364231/2022-23-Topps-UEFA-Club-Competitions---Printing-Plates-Cyan,2022-23,Topps,Printing Plates Cyan,UEFA Club Competitions
364232,2022-23 Topps UEFA Club Competitions,https://www.tcdb.com/Checklist.cfm/sid/364232/2022-23-Topps-UEFA-Club-Competitions---Printing-Plates-Magenta,2022-23,Topps,Printing Plates Magenta,UEFA Club Competitions
364233,2022-23 Topps UEFA Club Competitions,https://www.tcdb.com/Checklist.cfm/sid/364233/2022-23-Topps-UEFA-Club-Competitions---Printing-Plates-Yellow,2022-23,Topps,Printing Plates Yellow,UEFA Club Competitions
364224,2022-23 Topps UEFA Club Competitions,https://www.tcdb.com/Checklist.cfm/sid/364224/2022-23-Topps-UEFA-Club-Competitions---Purple-Foil,2022-23,Topps,Purple Foil,UEFA Club Competitions
364228,2022-23 Topps UEFA Club Competitions,https://www.tcdb.com/Checklist.cfm/sid/364228/2022-23-Topps-UEFA-Club-Competitions---Red-Foil,2022-23,Topps,Red Foil,UEFA Club Competitions
364218,2022-23 Topps UEFA Club Competitions,https://www.tcdb.com/Checklist.cfm/sid/364218/2022-23-Topps-UEFA-Club-Competitions---Yellow-Foil,2022-23,Topps,Yellow Foil,UEFA Club Competitions
362454,2022-23 Topps UEFA Club Competitions 1st Edition ,https://www.tcdb.com/Checklist.cfm/sid/362454/2022-23-ToppsUEFAClubCompetitions1stEdition,2022-23,Topps,Base,UEFA Club Competitions 1st Edition
362459,2022-23 Topps UEFA Club Competitions 1st Edition,https://www.tcdb.com/Checklist.cfm/sid/362459/2022-23-Topps-UEFA-Club-Competitions-1st-Edition---Black,2022-23,Topps,Black,UEFA Club Competitions 1st Edition
362461,2022-23 Topps UEFA Club Competitions 1st Edition,https://www.tcdb.com/Checklist.cfm/sid/362461/2022-23-Topps-UEFA-Club-Competitions-1st-Edition---FoilFractor,2022-23,Topps,FoilFractor,UEFA Club Competitions 1st Edition
362456,2022-23 Topps UEFA Club Competitions 1st Edition,https://www.tcdb.com/Checklist.cfm/sid/362456/2022-23-Topps-UEFA-Club-Competitions-1st-Edition---Icy,2022-23,Topps,Icy,UEFA Club Competitions 1st Edition
362458,2022-23 Topps UEFA Club Competitions 1st Edition,https://www.tcdb.com/Checklist.cfm/sid/362458/2022-23-Topps-UEFA-Club-Competitions-1st-Edition---Orange,2022-23,Topps,Orange,UEFA Club Competitions 1st Edition
362457,2022-23 Topps UEFA Club Competitions 1st Edition,https://www.tcdb.com/Checklist.cfm/sid/362457/2022-23-Topps-UEFA-Club-Competitions-1st-Edition---Purple,2022-23,Topps,Purple,UEFA Club Competitions 1st Edition
362460,2022-23 Topps UEFA Club Competitions 1st Edition,https://www.tcdb.com/Checklist.cfm/sid/362460/2022-23-Topps-UEFA-Club-Competitions-1st-Edition---Red,2022-23,Topps,Red,UEFA Club Competitions 1st Edition
363732,2022-23 Topps UEFA Club Competitions Carnaval Edition ,https://www.tcdb.com/Checklist.cfm/sid/363732/2022-23-ToppsUEFAClubCompetitionsCarnavalEdition,2022-23,Topps,Base,UEFA Club Competitions Carnaval Edition
381535,2022-23 Topps UEFA Club Competitions Carnaval Edition,https://www.tcdb.com/Checklist.cfm/sid/381535/2022-23-Topps-UEFA-Club-Competitions-Carnaval-Edition---Gold,2022-23,Topps,Gold,UEFA Club Competitions Carnaval Edition
381531,2022-23 Topps UEFA Club Competitions Carnaval Edition,https://www.tcdb.com/Checklist.cfm/sid/381531/2022-23-Topps-UEFA-Club-Competitions-Carnaval-Edition---Green,2022-23,Topps,Green,UEFA Club Competitions Carnaval Edition
381533,2022-23 Topps UEFA Club Competitions Carnaval Edition,https://www.tcdb.com/Checklist.cfm/sid/381533/2022-23-Topps-UEFA-Club-Competitions-Carnaval-Edition---Orange,2022-23,Topps,Orange,UEFA Club Competitions Carnaval Edition
381532,2022-23 Topps UEFA Club Competitions Carnaval Edition,https://www.tcdb.com/Checklist.cfm/sid/381532/2022-23-Topps-UEFA-Club-Competitions-Carnaval-Edition---Purple,2022-23,Topps,Purple,UEFA Club Competitions Carnaval Edition
381534,2022-23 Topps UEFA Club Competitions Carnaval Edition,https://www.tcdb.com/Checklist.cfm/sid/381534/2022-23-Topps-UEFA-Club-Competitions-Carnaval-Edition---Red,2022-23,Topps,Red,UEFA Club Competitions Carnaval Edition
374349,2022-23 Topps UEFA Club Competitions Jade Edition ,https://www.tcdb.com/Checklist.cfm/sid/374349/2022-23-ToppsUEFAClubCompetitionsJadeEdition,2022-23,Topps,Base,UEFA Club Competitions Jade Edition
374398,2022-23 Topps UEFA Club Competitions Jade Edition,https://www.tcdb.com/Checklist.cfm/sid/374398/2022-23-Topps-UEFA-Club-Competitions-Jade-Edition---Chinese-New-Year,2022-23,Topps,Chinese New Year,UEFA Club Competitions Jade Edition
374404,2022-23 Topps UEFA Club Competitions Jade Edition,https://www.tcdb.com/Checklist.cfm/sid/374404/2022-23-Topps-UEFA-Club-Competitions-Jade-Edition---Imperial-Jade-FoilFractor,2022-23,Topps,Imperial Jade FoilFractor,UEFA Club Competitions Jade Edition
374402,2022-23 Topps UEFA Club Competitions Jade Edition,https://www.tcdb.com/Checklist.cfm/sid/374402/2022-23-Topps-UEFA-Club-Competitions-Jade-Edition---Lavender-Jade,2022-23,Topps,Lavender Jade,UEFA Club Competitions Jade Edition
374401,2022-23 Topps UEFA Club Competitions Jade Edition,https://www.tcdb.com/Checklist.cfm/sid/374401/2022-23-Topps-UEFA-Club-Competitions-Jade-Edition---Orange-Jade,2022-23,Topps,Orange Jade,UEFA Club Competitions Jade Edition
374403,2022-23 Topps UEFA Club Competitions Jade Edition,https://www.tcdb.com/Checklist.cfm/sid/374403/2022-23-Topps-UEFA-Club-Competitions-Jade-Edition---Red-Jade,2022-23,Topps,Red Jade,UEFA Club Competitions Jade Edition
374399,2022-23 Topps UEFA Club Competitions Jade Edition,https://www.tcdb.com/Checklist.cfm/sid/374399/2022-23-Topps-UEFA-Club-Competitions-Jade-Edition---Year-of-the-Rabbit,2022-23,Topps,Year of the Rabbit,UEFA Club Competitions Jade Edition
374400,2022-23 Topps UEFA Club Competitions Jade Edition,https://www.tcdb.com/Checklist.cfm/sid/374400/2022-23-Topps-UEFA-Club-Competitions-Jade-Edition---Yellow-Jade,2022-23,Topps,Yellow Jade,UEFA Club Competitions Jade Edition
386879,2022-23 Topps UEFA Club Competitions Japan Edition ,https://www.tcdb.com/Checklist.cfm/sid/386879/2022-23-Topps-UEFA-Club-Competitions-Japan-Edition,2022-23,Topps,Base,UEFA Club Competitions Japan Edition
401351,2022-23 Topps UEFA Club Competitions Japan Edition,,,,,
441849,2022-23 Topps UEFA Club Competitions Japan Edition,,,,,
401350,2022-23 Topps UEFA Club Competitions Japan Edition,,,,,
401352,2022-23 Topps UEFA Club Competitions Japan Edition,,,,,
401348,2022-23 Topps UEFA Club Competitions Japan Edition,,,,,
401353,2022-23 Topps UEFA Club Competitions Japan Edition,,,,,
401354,2022-23 Topps UEFA Club Competitions Japan Edition,,,,,
401355,2022-23 Topps UEFA Club Competitions Japan Edition,,,,,
401349,2022-23 Topps UEFA Club Competitions Japan Edition,,,,,
346150,2021-22 Donruss Elite LaLiga Santander,https://www.tcdb.com/Checklist.cfm/sid/346150/2021-22-DonrussEliteLaLigaSantander,,,,
348047,2021-22 Donruss Elite LaLiga Santander,https://www.tcdb.com/Checklist.cfm/sid/348047/2021-22-Donruss-Elite-LaLiga-Santander---Aspirations,,,,
348052,2021-22 Donruss Elite LaLiga Santander,https://www.tcdb.com/Checklist.cfm/sid/348052/2021-22-Donruss-Elite-LaLiga-Santander---Black,,,,
348053,2021-22 Donruss Elite LaLiga Santander,https://www.tcdb.com/Checklist.cfm/sid/348053/2021-22-Donruss-Elite-LaLiga-Santander---Blue,,,,
348041,2021-22 Donruss Elite LaLiga Santander,https://www.tcdb.com/Checklist.cfm/sid/348041/2021-22-Donruss-Elite-LaLiga-Santander---Fireworks-Black,,,,
348042,2021-22 Donruss Elite LaLiga Santander,https://www.tcdb.com/Checklist.cfm/sid/348042/2021-22-Donruss-Elite-LaLiga-Santander---Fireworks-Blue,,,,
348046,2021-22 Donruss Elite LaLiga Santander,https://www.tcdb.com/Checklist.cfm/sid/348046/2021-22-Donruss-Elite-LaLiga-Santander---Fireworks-Gold,,,,
348045,2021-22 Donruss Elite LaLiga Santander,https://www.tcdb.com/Checklist.cfm/sid/348045/2021-22-Donruss-Elite-LaLiga-Santander---Fireworks-Green,,,,
348040,2021-22 Donruss Elite LaLiga Santander,https://www.tcdb.com/Checklist.cfm/sid/348040/2021-22-Donruss-Elite-LaLiga-Santander---Fireworks-Orange,,,,
348043,2021-22 Donruss Elite LaLiga Santander,https://www.tcdb.com/Checklist.cfm/sid/348043/2021-22-Donruss-Elite-LaLiga-Santander---Fireworks-Pink,,,,
348044,2021-22 Donruss Elite LaLiga Santander,https://www.tcdb.com/Checklist.cfm/sid/348044/2021-22-Donruss-Elite-LaLiga-Santander---Fireworks-Purple,,,,
348039,2021-22 Donruss Elite LaLiga Santander,https://www.tcdb.com/Checklist.cfm/sid/348039/2021-22-Donruss-Elite-LaLiga-Santander---Fireworks-Red,,,,
348055,2021-22 Donruss Elite LaLiga Santander,https://www.tcdb.com/Checklist.cfm/sid/348055/2021-22-Donruss-Elite-LaLiga-Santander---Gold,,,,
348051,2021-22 Donruss Elite LaLiga Santander,https://www.tcdb.com/Checklist.cfm/sid/348051/2021-22-Donruss-Elite-LaLiga-Santander---Green,,,,
348054,2021-22 Donruss Elite LaLiga Santander,https://www.tcdb.com/Checklist.cfm/sid/348054/2021-22-Donruss-Elite-LaLiga-Santander---Orange,,,,
348049,2021-22 Donruss Elite LaLiga Santander,https://www.tcdb.com/Checklist.cfm/sid/348049/2021-22-Donruss-Elite-LaLiga-Santander---Pink,,,,
348050,2021-22 Donruss Elite LaLiga Santander,https://www.tcdb.com/Checklist.cfm/sid/348050/2021-22-Donruss-Elite-LaLiga-Santander---Purple,,,,
348038,2021-22 Donruss Elite LaLiga Santander,https://www.tcdb.com/Checklist.cfm/sid/348038/2021-22-Donruss-Elite-LaLiga-Santander---Red,,,,
348048,2021-22 Donruss Elite LaLiga Santander,https://www.tcdb.com/Checklist.cfm/sid/348048/2021-22-Donruss-Elite-LaLiga-Santander---Status,,,,
405662,2021-22 Futera FC Barcelona Headliners,https://www.tcdb.com/Checklist.cfm/sid/405662/2021-22-FuteraFCBarcelonaHeadliners,,,,
412053,2021-22 Futera FC Barcelona Headliners,https://www.tcdb.com/Checklist.cfm/sid/412053/2021-22-Futera-FC-Barcelona-Headliners---Framed,,,,
412052,2021-22 Futera FC Barcelona Headliners,https://www.tcdb.com/Checklist.cfm/sid/412052/2021-22-Futera-FC-Barcelona-Headliners---Rainbow,,,,
327088,2021-22 Merlin UEFA Champions League,,,,,
327091,2021-22 Merlin UEFA Champions League,,,,,
327092,2021-22 Merlin UEFA Champions League,,,,,
327090,2021-22 Merlin UEFA Champions League,,,,,
327093,2021-22 Merlin UEFA Champions League,,,,,
327094,2021-22 Merlin UEFA Champions League,,,,,
327089,2021-22 Merlin UEFA Champions League,,,,,
327095,2021-22 Merlin UEFA Champions League,,,,,
327102,2021-22 Merlin UEFA Champions League,,,,,
327103,2021-22 Merlin UEFA Champions League,,,,,
327104,2021-22 Merlin UEFA Champions League,,,,,
327105,2021-22 Merlin UEFA Champions League,,,,,
317047,2021-22 Panini Chronicles,,,,,
317048,2021-22 Panini Chronicles,,,,,
317049,2021-22 Panini Chronicles,,,,,
317050,2021-22 Panini Chronicles,,,,,
317054,2021-22 Panini Chronicles,,,,,
317055,2021-22 Panini Chronicles,,,,,
317056,2021-22 Panini Chronicles,,,,,
317057,2021-22 Panini Chronicles,,,,,
317058,2021-22 Panini Chronicles,,,,,
317059,2021-22 Panini Chronicles,,,,,
317060,2021-22 Panini Chronicles,,,,,
317089,2021-22 Panini Chronicles,,,,,
317090,2021-22 Panini Chronicles,,,,,
317091,2021-22 Panini Chronicles,,,,,
317092,2021-22 Panini Chronicles,,,,,
317093,2021-22 Panini Chronicles,,,,,
317094,2021-22 Panini Chronicles,,,,,
317095,2021-22 Panini Chronicles,,,,,
317099,2021-22 Panini Chronicles,,,,,
317100,2021-22 Panini Chronicles,,,,,
317101,2021-22 Panini Chronicles,,,,,
317102,2021-22 Panini Chronicles,,,,,
277059,2021-22 Panini Megacracks,https://www.tcdb.com/Checklist.cfm/sid/277059/2021-22-PaniniMegacracks,,,,
300253,2021-22 Panini Mosaic La Liga,https://www.tcdb.com/Checklist.cfm/sid/300253/2021-22-PaniniMosaicLaLiga,,,,
310302,2021-22 Panini Mosaic La Liga,https://www.tcdb.com/Checklist.cfm/sid/310302/2021-22-Panini-Mosaic-La-Liga---Choice-Mosaic-Black-Gold,,,,
310303,2021-22 Panini Mosaic La Liga,https://www.tcdb.com/Checklist.cfm/sid/310303/2021-22-Panini-Mosaic-La-Liga---Choice-Mosaic-Nebula,,,,
310298,2021-22 Panini Mosaic La Liga,https://www.tcdb.com/Checklist.cfm/sid/310298/2021-22-Panini-Mosaic-La-Liga---Choice-Mosaic-Peacock,,,,
310300,2021-22 Panini Mosaic La Liga,https://www.tcdb.com/Checklist.cfm/sid/310300/2021-22-Panini-Mosaic-La-Liga---Choice-Mosaic-Red-&-Gold,,,,
310299,2021-22 Panini Mosaic La Liga,https://www.tcdb.com/Checklist.cfm/sid/310299/2021-22-Panini-Mosaic-La-Liga---Choice-Mosaic-Red-&-Green,,,,
310293,2021-22 Panini Mosaic La Liga,https://www.tcdb.com/Checklist.cfm/sid/310293/2021-22-Panini-Mosaic-La-Liga---Mosaic,,,,
300256,2021-22 Panini Mosaic La Liga,https://www.tcdb.com/Checklist.cfm/sid/300256/2021-22-Panini-Mosaic-La-Liga---Mosaic-Black,,,,
310294,2021-22 Panini Mosaic La Liga,https://www.tcdb.com/Checklist.cfm/sid/310294/2021-22-Panini-Mosaic-La-Liga---Mosaic-Blue,,,,
310292,2021-22 Panini Mosaic La Liga,https://www.tcdb.com/Checklist.cfm/sid/310292/2021-22-Panini-Mosaic-La-Liga---Mosaic-Genesis,,,,
300255,2021-22 Panini Mosaic La Liga,https://www.tcdb.com/Checklist.cfm/sid/300255/2021-22-Panini-Mosaic-La-Liga---Mosaic-Gold,,,,
310296,2021-22 Panini Mosaic La Liga,https://www.tcdb.com/Checklist.cfm/sid/310296/2021-22-Panini-Mosaic-La-Liga---Mosaic-Orange-Fluorescent,,,,
310297,2021-22 Panini Mosaic La Liga,https://www.tcdb.com/Checklist.cfm/sid/310297/2021-22-Panini-Mosaic-La-Liga---Mosaic-Pink,,,,
300258,2021-22 Panini Mosaic La Liga,https://www.tcdb.com/Checklist.cfm/sid/300258/2021-22-Panini-Mosaic-La-Liga---Mosaic-Purple,,,,
300257,2021-22 Panini Mosaic La Liga,https://www.tcdb.com/Checklist.cfm/sid/300257/2021-22-Panini-Mosaic-La-Liga---Mosaic-Red,,,,
310287,2021-22 Panini Mosaic La Liga,https://www.tcdb.com/Checklist.cfm/sid/310287/2021-22-Panini-Mosaic-La-Liga---Silver,,,,
300320,2021-22 Panini Obsidian,https://www.tcdb.com/Checklist.cfm/sid/300320/2021-22-PaniniObsidian,,,,
314122,2021-22 Panini Obsidian,https://www.tcdb.com/Checklist.cfm/sid/314122/2021-22-Panini-Obsidian---Electric-Etch-Blue,,,,
314123,2021-22 Panini Obsidian,https://www.tcdb.com/Checklist.cfm/sid/314123/2021-22-Panini-Obsidian---Electric-Etch-Blue-Finite,,,,
314124,2021-22 Panini Obsidian,https://www.tcdb.com/Checklist.cfm/sid/314124/2021-22-Panini-Obsidian---Electric-Etch-Contra,,,,
314125,2021-22 Panini Obsidian,https://www.tcdb.com/Checklist.cfm/sid/314125/2021-22-Panini-Obsidian---Electric-Etch-Green,,,,
314126,2021-22 Panini Obsidian,https://www.tcdb.com/Checklist.cfm/sid/314126/2021-22-Panini-Obsidian---Electric-Etch-Neon-Blue-Flood,,,,
314127,2021-22 Panini Obsidian,https://www.tcdb.com/Checklist.cfm/sid/314127/2021-22-Panini-Obsidian---Electric-Etch-Neon-Green-Flood,,,,
314128,2021-22 Panini Obsidian,https://www.tcdb.com/Checklist.cfm/sid/314128/2021-22-Panini-Obsidian---Electric-Etch-Orange,,,,
314129,2021-22 Panini Obsidian,https://www.tcdb.com/Checklist.cfm/sid/314129/2021-22-Panini-Obsidian---Electric-Etch-Purple,,,,
314130,2021-22 Panini Obsidian,https://www.tcdb.com/Checklist.cfm/sid/314130/2021-22-Panini-Obsidian---Electric-Etch-Red-Flood,,,,
314131,2021-22 Panini Obsidian,https://www.tcdb.com/Checklist.cfm/sid/314131/2021-22-Panini-Obsidian---Electric-Etch-Red-Pulsar,,,,
314132,2021-22 Panini Obsidian,https://www.tcdb.com/Checklist.cfm/sid/314132/2021-22-Panini-Obsidian---Electric-Etch-White-Pulsar,,,,
314133,2021-22 Panini Obsidian,https://www.tcdb.com/Checklist.cfm/sid/314133/2021-22-Panini-Obsidian---Electric-Etch-Yellow,,,,
307429,2021-22 Panini Podium FC Barcelona,https://www.tcdb.com/Checklist.cfm/sid/307429/2021-22-PaniniPodiumFCBarcelona,,,,
317794,2021-22 Topps Chrome Sapphire Edition UEFA Champions League,https://www.tcdb.com/Checklist.cfm/sid/317794/2021-22-ToppsChromeSapphireEditionUEFAChampionsLeague,,,,
317829,2021-22 Topps Chrome Sapphire Edition UEFA Champions League,https://www.tcdb.com/Checklist.cfm/sid/317829/2021-22-Topps-Chrome-Sapphire-Edition-UEFA-Champions-League---Green,,,,
317830,2021-22 Topps Chrome Sapphire Edition UEFA Champions League,https://www.tcdb.com/Checklist.cfm/sid/317830/2021-22-Topps-Chrome-Sapphire-Edition-UEFA-Champions-League---Orange,,,,
317833,2021-22 Topps Chrome Sapphire Edition UEFA Champions League,https://www.tcdb.com/Checklist.cfm/sid/317833/2021-22-Topps-Chrome-Sapphire-Edition-UEFA-Champions-League---Padparadscha,,,,
317831,2021-22 Topps Chrome Sapphire Edition UEFA Champions League,https://www.tcdb.com/Checklist.cfm/sid/317831/2021-22-Topps-Chrome-Sapphire-Edition-UEFA-Champions-League---Purple,,,,
317832,2021-22 Topps Chrome Sapphire Edition UEFA Champions League,https://www.tcdb.com/Checklist.cfm/sid/317832/2021-22-Topps-Chrome-Sapphire-Edition-UEFA-Champions-League---Red,,,,
317828,2021-22 Topps Chrome Sapphire Edition UEFA Champions League,https://www.tcdb.com/Checklist.cfm/sid/317828/2021-22-Topps-Chrome-Sapphire-Edition-UEFA-Champions-League---Yellow,,,,
287819,2021-22 Topps Chrome UEFA Champions League,https://www.tcdb.com/Checklist.cfm/sid/287819/2021-22-ToppsChromeUEFAChampionsLeague,,,,
323085,2021-22 Topps Chrome UEFA Champions League,https://www.tcdb.com/Checklist.cfm/sid/323085/2021-22-Topps-Chrome-UEFA-Champions-League---Aqua-Lava-Refractor,,,,
297319,2021-22 Topps Chrome UEFA Champions League,https://www.tcdb.com/Checklist.cfm/sid/297319/2021-22-Topps-Chrome-UEFA-Champions-League---Aqua-Refractor,,,,
297320,2021-22 Topps Chrome UEFA Champions League,https://www.tcdb.com/Checklist.cfm/sid/297320/2021-22-Topps-Chrome-UEFA-Champions-League---Aqua-Wave-Refractor,,,,
297332,2021-22 Topps Chrome UEFA Champions League,https://www.tcdb.com/Checklist.cfm/sid/297332/2021-22-Topps-Chrome-UEFA-Champions-League---Black-&-Gold-Starball-Refractor,,,,
297303,2021-22 Topps Chrome UEFA Champions League,https://www.tcdb.com/Checklist.cfm/sid/297303/2021-22-Topps-Chrome-UEFA-Champions-League---Black-&-White-Ray-Wave-Refractor,,,,
297329,2021-22 Topps Chrome UEFA Champions League,https://www.tcdb.com/Checklist.cfm/sid/297329/2021-22-Topps-Chrome-UEFA-Champions-League---Blue-&-Gold-Starball-Refractor,,,,
314505,2021-22 Topps Chrome UEFA Champions League,https://www.tcdb.com/Checklist.cfm/sid/314505/2021-22-Topps-Chrome-UEFA-Champions-League---Blue-Lava-Refractor,,,,
297323,2021-22 Topps Chrome UEFA Champions League,https://www.tcdb.com/Checklist.cfm/sid/297323/2021-22-Topps-Chrome-UEFA-Champions-League---Blue-Refractor,,,,
297328,2021-22 Topps Chrome UEFA Champions League,https://www.tcdb.com/Checklist.cfm/sid/297328/2021-22-Topps-Chrome-UEFA-Champions-League---Blue-Wave-Refractor,,,,
314465,2021-22 Topps Chrome UEFA Champions League,https://www.tcdb.com/Checklist.cfm/sid/314465/2021-22-Topps-Chrome-UEFA-Champions-League---Gold-Lava-Refractor,,,,
297331,2021-22 Topps Chrome UEFA Champions League,https://www.tcdb.com/Checklist.cfm/sid/297331/2021-22-Topps-Chrome-UEFA-Champions-League---Gold-Mini-Diamond-Refractor,,,,
297330,2021-22 Topps Chrome UEFA Champions League,https://www.tcdb.com/Checklist.cfm/sid/297330/2021-22-Topps-Chrome-UEFA-Champions-League---Gold-Refractor,,,,
314466,2021-22 Topps Chrome UEFA Champions League,https://www.tcdb.com/Checklist.cfm/sid/314466/2021-22-Topps-Chrome-UEFA-Champions-League---Neon-Green-Lava-Refractor,,,,
297326,2021-22 Topps Chrome UEFA Champions League,https://www.tcdb.com/Checklist.cfm/sid/297326/2021-22-Topps-Chrome-UEFA-Champions-League---Neon-Green-Refractor,,,,
297327,2021-22 Topps Chrome UEFA Champions League,https://www.tcdb.com/Checklist.cfm/sid/297327/2021-22-Topps-Chrome-UEFA-Champions-League---Neon-Green-Wave-Refractor,,,,
297308,2021-22 Topps Chrome UEFA Champions League,https://www.tcdb.com/Checklist.cfm/sid/297308/2021-22-Topps-Chrome-UEFA-Champions-League---Night-Vision-Refractor,,,,
323089,2021-22 Topps Chrome UEFA Champions League,https://www.tcdb.com/Checklist.cfm/sid/323089/2021-22-Topps-Chrome-UEFA-Champions-League---Orange-&-Gold-Starball-Refractor,,,,
297333,2021-22 Topps Chrome UEFA Champions League,https://www.tcdb.com/Checklist.cfm/sid/297333/2021-22-Topps-Chrome-UEFA-Champions-League---Orange-Refractor,,,,
297322,2021-22 Topps Chrome UEFA Champions League,https://www.tcdb.com/Checklist.cfm/sid/297322/2021-22-Topps-Chrome-UEFA-Champions-League---Pink-Mini-Diamond-Refractor,,,,
297321,2021-22 Topps Chrome UEFA Champions League,https://www.tcdb.com/Checklist.cfm/sid/297321/2021-22-Topps-Chrome-UEFA-Champions-League---Pink-Refractor,,,,
314464,2021-22 Topps Chrome UEFA Champions League,https://www.tcdb.com/Checklist.cfm/sid/314464/2021-22-Topps-Chrome-UEFA-Champions-League---Purple-&-Gold-Starball-Refractor,,,,
297307,2021-22 Topps Chrome UEFA Champions League,https://www.tcdb.com/Checklist.cfm/sid/297307/2021-22-Topps-Chrome-UEFA-Champions-League---Purple-Mini-Diamond-Refractor,,,,
297306,2021-22 Topps Chrome UEFA Champions League,https://www.tcdb.com/Checklist.cfm/sid/297306/2021-22-Topps-Chrome-UEFA-Champions-League---Purple-Refractor,,,,
314463,2021-22 Topps Chrome UEFA Champions League,https://www.tcdb.com/Checklist.cfm/sid/314463/2021-22-Topps-Chrome-UEFA-Champions-League---Red-&-Gold-Starball-Refractor,,,,
297334,2021-22 Topps Chrome UEFA Champions League,https://www.tcdb.com/Checklist.cfm/sid/297334/2021-22-Topps-Chrome-UEFA-Champions-League---Red-Refractor,,,,
297335,2021-22 Topps Chrome UEFA Champions League,https://www.tcdb.com/Checklist.cfm/sid/297335/2021-22-Topps-Chrome-UEFA-Champions-League---Red-Wave-Refractor,,,,
297302,2021-22 Topps Chrome UEFA Champions League,https://www.tcdb.com/Checklist.cfm/sid/297302/2021-22-Topps-Chrome-UEFA-Champions-League---Refractor,,,,
297325,2021-22 Topps Chrome UEFA Champions League,https://www.tcdb.com/Checklist.cfm/sid/297325/2021-22-Topps-Chrome-UEFA-Champions-League---Rose-Gold-Mini-Diamond-Refractor,,,,
297324,2021-22 Topps Chrome UEFA Champions League,https://www.tcdb.com/Checklist.cfm/sid/297324/2021-22-Topps-Chrome-UEFA-Champions-League---Rose-Gold-Refractor,,,,
297305,2021-22 Topps Chrome UEFA Champions League,https://www.tcdb.com/Checklist.cfm/sid/297305/2021-22-Topps-Chrome-UEFA-Champions-League---Silver-Mini-Diamond-Refractor,,,,
297304,2021-22 Topps Chrome UEFA Champions League,https://www.tcdb.com/Checklist.cfm/sid/297304/2021-22-Topps-Chrome-UEFA-Champions-League---Speckle-Refractor,,,,
297336,2021-22 Topps Chrome UEFA Champions League,https://www.tcdb.com/Checklist.cfm/sid/297336/2021-22-Topps-Chrome-UEFA-Champions-League---SuperFractor,,,,
294249,2021-22 Topps Deco UEFA Champions League,,,,,
291581,2021-22 Topps FC Barcelona Team Set,https://www.tcdb.com/Checklist.cfm/sid/291581/2021-22-ToppsFCBarcelonaTeamSet,,,,
306529,2021-22 Topps FC Barcelona Team Set,https://www.tcdb.com/Checklist.cfm/sid/306529/2021-22-Topps-FC-Barcelona-Team-Set---Aqua,,,,
291606,2021-22 Topps FC Barcelona Team Set,https://www.tcdb.com/Checklist.cfm/sid/291606/2021-22-Topps-FC-Barcelona-Team-Set---Autographs,,,,
306600,2021-22 Topps FC Barcelona Team Set,https://www.tcdb.com/Checklist.cfm/sid/306600/2021-22-Topps-FC-Barcelona-Team-Set---Autographs-Black,,,,
306602,2021-22 Topps FC Barcelona Team Set,https://www.tcdb.com/Checklist.cfm/sid/306602/2021-22-Topps-FC-Barcelona-Team-Set---Autographs-Gold,,,,
306599,2021-22 Topps FC Barcelona Team Set,https://www.tcdb.com/Checklist.cfm/sid/306599/2021-22-Topps-FC-Barcelona-Team-Set---Autographs-Orange,,,,
306601,2021-22 Topps FC Barcelona Team Set,https://www.tcdb.com/Checklist.cfm/sid/306601/2021-22-Topps-FC-Barcelona-Team-Set---Autographs-Red,,,,
306533,2021-22 Topps FC Barcelona Team Set,https://www.tcdb.com/Checklist.cfm/sid/306533/2021-22-Topps-FC-Barcelona-Team-Set---Gold,,,,
306528,2021-22 Topps FC Barcelona Team Set,https://www.tcdb.com/Checklist.cfm/sid/306528/2021-22-Topps-FC-Barcelona-Team-Set---Neon-Green,,,,
306530,2021-22 Topps FC Barcelona Team Set,https://www.tcdb.com/Checklist.cfm/sid/306530/2021-22-Topps-FC-Barcelona-Team-Set---Orange,,,,
306527,2021-22 Topps FC Barcelona Team Set,https://www.tcdb.com/Checklist.cfm/sid/306527/2021-22-Topps-FC-Barcelona-Team-Set---Pink,,,,
306531,2021-22 Topps FC Barcelona Team Set,https://www.tcdb.com/Checklist.cfm/sid/306531/2021-22-Topps-FC-Barcelona-Team-Set---Purple,,,,
306526,2021-22 Topps FC Barcelona Team Set,https://www.tcdb.com/Checklist.cfm/sid/306526/2021-22-Topps-FC-Barcelona-Team-Set---Rainbow,,,,
306532,2021-22 Topps FC Barcelona Team Set,https://www.tcdb.com/Checklist.cfm/sid/306532/2021-22-Topps-FC-Barcelona-Team-Set---Red,,,,
344716,2021-22 Topps Finest Flashbacks UEFA Champions League,https://www.tcdb.com/Checklist.cfm/sid/344716/2021-22-ToppsFinestFlashbacksUEFAChampionsLeague,,,,
344743,2021-22 Topps Finest Flashbacks UEFA Champions League,https://www.tcdb.com/Checklist.cfm/sid/344743/2021-22-Topps-Finest-Flashbacks-UEFA-Champions-League---Black-Refractor,,,,
344741,2021-22 Topps Finest Flashbacks UEFA Champions League,https://www.tcdb.com/Checklist.cfm/sid/344741/2021-22-Topps-Finest-Flashbacks-UEFA-Champions-League---Gold-Refractor,,,,
344742,2021-22 Topps Finest Flashbacks UEFA Champions League,https://www.tcdb.com/Checklist.cfm/sid/344742/2021-22-Topps-Finest-Flashbacks-UEFA-Champions-League---Prism-Refractor,,,,
344744,2021-22 Topps Finest Flashbacks UEFA Champions League,https://www.tcdb.com/Checklist.cfm/sid/344744/2021-22-Topps-Finest-Flashbacks-UEFA-Champions-League---Red-Refractor,,,,
344740,2021-22 Topps Finest Flashbacks UEFA Champions League,https://www.tcdb.com/Checklist.cfm/sid/344740/2021-22-Topps-Finest-Flashbacks-UEFA-Champions-League---Refractor,,,,
344745,2021-22 Topps Finest Flashbacks UEFA Champions League,https://www.tcdb.com/Checklist.cfm/sid/344745/2021-22-Topps-Finest-Flashbacks-UEFA-Champions-League---Superfractor,,,,
330139,2021-22 Topps Football Festival by Steve Aoki UEFA Champions League,https://www.tcdb.com/Checklist.cfm/sid/330139/2021-22-ToppsFootballFestivalbySteveAokiUEFAChampionsLeague,,,,
330157,2021-22 Topps Football Festival by Steve Aoki UEFA Champions League,https://www.tcdb.com/Checklist.cfm/sid/330157/2021-22-Topps-Football-Festival-by-Steve-Aoki-UEFA-Champions-League---Black,,,,
330158,2021-22 Topps Football Festival by Steve Aoki UEFA Champions League,https://www.tcdb.com/Checklist.cfm/sid/330158/2021-22-Topps-Football-Festival-by-Steve-Aoki-UEFA-Champions-League---Blue,,,,
330162,2021-22 Topps Football Festival by Steve Aoki UEFA Champions League,https://www.tcdb.com/Checklist.cfm/sid/330162/2021-22-Topps-Football-Festival-by-Steve-Aoki-UEFA-Champions-League---Foil,,,,
330161,2021-22 Topps Football Festival by Steve Aoki UEFA Champions League,https://www.tcdb.com/Checklist.cfm/sid/330161/2021-22-Topps-Football-Festival-by-Steve-Aoki-UEFA-Champions-League---Gold,,,,
330160,2021-22 Topps Football Festival by Steve Aoki UEFA Champions League,https://www.tcdb.com/Checklist.cfm/sid/330160/2021-22-Topps-Football-Festival-by-Steve-Aoki-UEFA-Champions-League---Purple,,,,
330159,2021-22 Topps Football Festival by Steve Aoki UEFA Champions League,https://www.tcdb.com/Checklist.cfm/sid/330159/2021-22-Topps-Football-Festival-by-Steve-Aoki-UEFA-Champions-League---Red,,,,
299353,2021-22 Topps Gold X Tyson Beck UEFA Champions League,,,,,
299354,2021-22 Topps Gold X Tyson Beck UEFA Champions League,,,,,
299355,2021-22 Topps Gold X Tyson Beck UEFA Champions League,,,,,
299356,2021-22 Topps Gold X Tyson Beck UEFA Champions League,,,,,
299357,2021-22 Topps Gold X Tyson Beck UEFA Champions League,,,,,
299358,2021-22 Topps Gold X Tyson Beck UEFA Champions League,,,,,
299359,2021-22 Topps Gold X Tyson Beck UEFA Champions League,,,,,
346038,2021-22 Topps Inception UEFA Champions League,,,,,
346046,2021-22 Topps Inception UEFA Champions League,,,,,
346050,2021-22 Topps Inception UEFA Champions League,,,,,
346045,2021-22 Topps Inception UEFA Champions League,,,,,
346049,2021-22 Topps Inception UEFA Champions League,,,,,
346047,2021-22 Topps Inception UEFA Champions League,,,,,
346048,2021-22 Topps Inception UEFA Champions League,,,,,
346040,2021-22 Topps Inception UEFA Champions League,,,,,
346044,2021-22 Topps Inception UEFA Champions League,,,,,
346039,2021-22 Topps Inception UEFA Champions League,,,,,
346042,2021-22 Topps Inception UEFA Champions League,,,,,
346043,2021-22 Topps Inception UEFA Champions League,,,,,
346041,2021-22 Topps Inception UEFA Champions League,,,,,
307430,2021-22 Topps Mason Mount Future Champions Curated,,,,,
311340,2021-22 Topps Mason Mount Future Champions Curated,,,,,
311341,2021-22 Topps Mason Mount Future Champions Curated,,,,,
311345,2021-22 Topps Mason Mount Future Champions Curated,,,,,
311342,2021-22 Topps Mason Mount Future Champions Curated,,,,,
318691,2021-22 Topps Mason Mount Future Champions Curated,,,,,
311343,2021-22 Topps Mason Mount Future Champions Curated,,,,,
311344,2021-22 Topps Mason Mount Future Champions Curated,,,,,
311338,2021-22 Topps Mason Mount Future Champions Curated,,,,,
311337,2021-22 Topps Mason Mount Future Champions Curated,,,,,
307435,2021-22 Topps Mason Mount Future Champions Curated,,,,,
311336,2021-22 Topps Mason Mount Future Champions Curated,,,,,
307438,2021-22 Topps Mason Mount Future Champions Curated,,,,,
311339,2021-22 Topps Mason Mount Future Champions Curated,,,,,
314310,2021-22 Topps Museum Collection UEFA Champions League,,,,,
314311,2021-22 Topps Museum Collection UEFA Champions League,,,,,
314315,2021-22 Topps Museum Collection UEFA Champions League,,,,,
314313,2021-22 Topps Museum Collection UEFA Champions League,,,,,
314314,2021-22 Topps Museum Collection UEFA Champions League,,,,,
314312,2021-22 Topps Museum Collection UEFA Champions League,,,,,
314339,2021-22 Topps Museum Collection UEFA Champions League,,,,,
314340,2021-22 Topps Museum Collection UEFA Champions League,,,,,
314356,2021-22 Topps Museum Collection UEFA Champions League,,,,,
314357,2021-22 Topps Museum Collection UEFA Champions League,,,,,
314361,2021-22 Topps Museum Collection UEFA Champions League,,,,,
314362,2021-22 Topps Museum Collection UEFA Champions League,,,,,
281471,2021-22 Topps Now UEFA Champions League,,,,,
328135,2021-22 Topps Pearl UEFA Champions League,,,,,
328138,2021-22 Topps Pearl UEFA Champions League,,,,,
328147,2021-22 Topps Pearl UEFA Champions League,,,,,
328151,2021-22 Topps Pearl UEFA Champions League,,,,,
328145,2021-22 Topps Pearl UEFA Champions League,,,,,
328150,2021-22 Topps Pearl UEFA Champions League,,,,,
328148,2021-22 Topps Pearl UEFA Champions League,,,,,
328146,2021-22 Topps Pearl UEFA Champions League,,,,,
328140,2021-22 Topps Pearl UEFA Champions League,,,,,
328144,2021-22 Topps Pearl UEFA Champions League,,,,,
328139,2021-22 Topps Pearl UEFA Champions League,,,,,
328143,2021-22 Topps Pearl UEFA Champions League,,,,,
328141,2021-22 Topps Pearl UEFA Champions League,,,,,
328142,2021-22 Topps Pearl UEFA Champions League,,,,,
313217,2021-22 Topps Simplicidad UEFA Champions League,,,,,
313218,2021-22 Topps Simplicidad UEFA Champions League,,,,,
315382,2021-22 Topps Simplicidad UEFA Champions League,,,,,
315384,2021-22 Topps Simplicidad UEFA Champions League,,,,,
315387,2021-22 Topps Simplicidad UEFA Champions League,,,,,
315383,2021-22 Topps Simplicidad UEFA Champions League,,,,,
315385,2021-22 Topps Simplicidad UEFA Champions League,,,,,
315386,2021-22 Topps Simplicidad UEFA Champions League,,,,,
315378,2021-22 Topps Simplicidad UEFA Champions League,,,,,
315381,2021-22 Topps Simplicidad UEFA Champions League,,,,,
315377,2021-22 Topps Simplicidad UEFA Champions League,,,,,
315379,2021-22 Topps Simplicidad UEFA Champions League,,,,,
315380,2021-22 Topps Simplicidad UEFA Champions League,,,,,
288528,2021-22 Topps UEFA Champions League,,,,,
307470,2021-22 Topps UEFA Champions League,,,,,
307471,2021-22 Topps UEFA Champions League,,,,,
307472,2021-22 Topps UEFA Champions League,,,,,
307473,2021-22 Topps UEFA Champions League,,,,,
307474,2021-22 Topps UEFA Champions League,,,,,
307475,2021-22 Topps UEFA Champions League,,,,,
307476,2021-22 Topps UEFA Champions League,,,,,
307477,2021-22 Topps UEFA Champions League,,,,,
307478,2021-22 Topps UEFA Champions League,,,,,
307479,2021-22 Topps UEFA Champions League,,,,,
307480,2021-22 Topps UEFA Champions League,,,,,
307481,2021-22 Topps UEFA Champions League,,,,,
307482,2021-22 Topps UEFA Champions League,,,,,
307483,2021-22 Topps UEFA Champions League,,,,,
307484,2021-22 Topps UEFA Champions League,,,,,
307485,2021-22 Topps UEFA Champions League,,,,,
305946,2021-22 Topps UEFA Champions League 1st Edition,,,,,
305952,2021-22 Topps UEFA Champions League 1st Edition,,,,,
305950,2021-22 Topps UEFA Champions League 1st Edition,,,,,
305954,2021-22 Topps UEFA Champions League 1st Edition,,,,,
305951,2021-22 Topps UEFA Champions League 1st Edition,,,,,
305953,2021-22 Topps UEFA Champions League 1st Edition,,,,,
305949,2021-22 Topps UEFA Champions League 1st Edition,,,,,
312483,2021-22 Topps UEFA Champions League Jade Edition,,,,,
312485,2021-22 Topps UEFA Champions League Jade Edition,,,,,
312491,2021-22 Topps UEFA Champions League Jade Edition,,,,,
312489,2021-22 Topps UEFA Champions League Jade Edition,,,,,
312488,2021-22 Topps UEFA Champions League Jade Edition,,,,,
312490,2021-22 Topps UEFA Champions League Jade Edition,,,,,
312486,2021-22 Topps UEFA Champions League Jade Edition,,,,,
312487,2021-22 Topps UEFA Champions League Jade Edition,,,,,
342659,2021-22 Topps UEFA Champions League Japan Edition,,,,,
342669,2021-22 Topps UEFA Champions League Japan Edition,,,,,
342667,2021-22 Topps UEFA Champions League Japan Edition,,,,,
342670,2021-22 Topps UEFA Champions League Japan Edition,,,,,
342668,2021-22 Topps UEFA Champions League Japan Edition,,,,,
342665,2021-22 Topps UEFA Champions League Japan Edition,,,,,
342671,2021-22 Topps UEFA Champions League Japan Edition,,,,,
342672,2021-22 Topps UEFA Champions League Japan Edition,,,,,
342673,2021-22 Topps UEFA Champions League Japan Edition,,,,,
342666,2021-22 Topps UEFA Champions League Japan Edition,,,,,
342640,2022-23 Panini Adrenalyn XL La Liga,,,,,
366453,2022-23 Panini Chronicles,,,,,
373597,2022-23 Panini Chronicles,,,,,
373598,2022-23 Panini Chronicles,,,,,
373596,2022-23 Panini Chronicles,,,,,
366452,2022-23 Panini Chronicles,,,,,
373570,2022-23 Panini Chronicles,,,,,
373564,2022-23 Panini Chronicles,,,,,
373567,2022-23 Panini Chronicles,,,,,
373568,2022-23 Panini Chronicles,,,,,
373569,2022-23 Panini Chronicles,,,,,
373565,2022-23 Panini Chronicles,,,,,
373566,2022-23 Panini Chronicles,,,,,
373560,2022-23 Panini Chronicles,,,,,
373563,2022-23 Panini Chronicles,,,,,
373561,2022-23 Panini Chronicles,,,,,
373562,2022-23 Panini Chronicles,,,,,
373593,2022-23 Panini Chronicles,,,,,
378800,2022-23 Panini Chronicles,,,,,
378801,2022-23 Panini Chronicles,,,,,
378802,2022-23 Panini Chronicles,,,,,
378803,2022-23 Panini Chronicles,,,,,
373509,2022-23 Panini Chronicles,,,,,
373514,2022-23 Panini Chronicles,,,,,
373516,2022-23 Panini Chronicles,,,,,
373515,2022-23 Panini Chronicles,,,,,
373517,2022-23 Panini Chronicles,,,,,
373518,2022-23 Panini Chronicles,,,,,
373519,2022-23 Panini Chronicles,,,,,
373511,2022-23 Panini Chronicles,,,,,
373513,2022-23 Panini Chronicles,,,,,
373512,2022-23 Panini Chronicles,,,,,
373510,2022-23 Panini Chronicles,,,,,
375140,2022-23 Panini LaLiga Santander Stickers (Brazil),,,,,
362985,2022-23 Panini LaLiga Total,,,,,
320299,2022-23 Panini Liga Este Stickers,,,,,
319525,2022-23 Panini Megacracks,,,,,
348081,2022-23 Panini Select La Liga,,,,,
360541,2022-23 Panini Select La Liga,,,,,
360525,2022-23 Panini Select La Liga,,,,,
360526,2022-23 Panini Select La Liga,,,,,
360537,2022-23 Panini Select La Liga,,,,,
360538,2022-23 Panini Select La Liga,,,,,
360539,2022-23 Panini Select La Liga,,,,,
360540,2022-23 Panini Select La Liga,,,,,
360527,2022-23 Panini Select La Liga,,,,,
360528,2022-23 Panini Select La Liga,,,,,
360533,2022-23 Panini Select La Liga,,,,,
360529,2022-23 Panini Select La Liga,,,,,
360530,2022-23 Panini Select La Liga,,,,,
360531,2022-23 Panini Select La Liga,,,,,
360577,2022-23 Panini Select La Liga,,,,,
360582,2022-23 Panini Select La Liga,,,,,
360580,2022-23 Panini Select La Liga,,,,,
360581,2022-23 Panini Select La Liga,,,,,
360578,2022-23 Panini Select La Liga,,,,,
360579,2022-23 Panini Select La Liga,,,,,
360589,2022-23 Panini Select La Liga,,,,,
360590,2022-23 Panini Select La Liga,,,,,
360591,2022-23 Panini Select La Liga,,,,,
360592,2022-23 Panini Select La Liga,,,,,
360593,2022-23 Panini Select La Liga,,,,,
360594,2022-23 Panini Select La Liga,,,,,
360595,2022-23 Panini Select La Liga,,,,,
360596,2022-23 Panini Select La Liga,,,,,
360532,2022-23 Panini Select La Liga,,,,,
360617,2022-23 Panini Select La Liga,,,,,
360534,2022-23 Panini Select La Liga,,,,,
360536,2022-23 Panini Select La Liga,,,,,
360535,2022-23 Panini Select La Liga,,,,,
347688,2022-23 Score LaLiga Santander,,,,,
350827,2022-23 Score LaLiga Santander,,,,,
350828,2022-23 Score LaLiga Santander,,,,,
350819,2022-23 Score LaLiga Santander,,,,,
350820,2022-23 Score LaLiga Santander,,,,,
350825,2022-23 Score LaLiga Santander,,,,,
350826,2022-23 Score LaLiga Santander,,,,,
351500,2022-23 Score LaLiga Santander,,,,,
351503,2022-23 Score LaLiga Santander,,,,,
351504,2022-23 Score LaLiga Santander,,,,,
351502,2022-23 Score LaLiga Santander,,,,,
351501,2022-23 Score LaLiga Santander,,,,,
351505,2022-23 Score LaLiga Santander,,,,,
350816,2022-23 Score LaLiga Santander,,,,,
351506,2022-23 Score LaLiga Santander,,,,,
350822,2022-23 Score LaLiga Santander,,,,,
350821,2022-23 Score LaLiga Santander,,,,,
350824,2022-23 Score LaLiga Santander,,,,,
350818,2022-23 Score LaLiga Santander,,,,,
351512,2022-23 Score LaLiga Santander,,,,,
351514,2022-23 Score LaLiga Santander,,,,,
351513,2022-23 Score LaLiga Santander,,,,,
350823,2022-23 Score LaLiga Santander,,,,,
350817,2022-23 Score LaLiga Santander,,,,,
351116,2022-23 Score Ligue 1,,,,,
351118,2022-23 Score Ligue 1,,,,,
351117,2022-23 Score Ligue 1,,,,,
380248,2022-23 Topps Chrome Sapphire Edition UEFA Club Competitions,,,,,
380250,2022-23 Topps Chrome Sapphire Edition UEFA Club Competitions,,,,,
380251,2022-23 Topps Chrome Sapphire Edition UEFA Club Competitions,,,,,
380254,2022-23 Topps Chrome Sapphire Edition UEFA Club Competitions,,,,,
380252,2022-23 Topps Chrome Sapphire Edition UEFA Club Competitions,,,,,
380253,2022-23 Topps Chrome Sapphire Edition UEFA Club Competitions,,,,,
380249,2022-23 Topps Chrome Sapphire Edition UEFA Club Competitions,,,,,
369699,2022-23 Topps Chrome UEFA Club Competitions,,,,,
369821,2022-23 Topps Chrome UEFA Club Competitions,,,,,
369827,2022-23 Topps Chrome UEFA Club Competitions,,,,,
369822,2022-23 Topps Chrome UEFA Club Competitions,,,,,
369824,2022-23 Topps Chrome UEFA Club Competitions,,,,,
372112,2022-23 Topps Chrome UEFA Club Competitions,,,,,
369825,2022-23 Topps Chrome UEFA Club Competitions,,,,,
372113,2022-23 Topps Chrome UEFA Club Competitions,,,,,
369826,2022-23 Topps Chrome UEFA Club Competitions,,,,,
369828,2022-23 Topps Chrome UEFA Club Competitions,,,,,
369829,2022-23 Topps Chrome UEFA Club Competitions,,,,,
369823,2022-23 Topps Chrome UEFA Club Competitions,,,,,
369830,2022-23 Topps Chrome UEFA Club Competitions,,,,,
372115,2022-23 Topps Chrome UEFA Club Competitions,,,,,
372114,2022-23 Topps Chrome UEFA Club Competitions,,,,,
372116,2022-23 Topps Chrome UEFA Club Competitions,,,,,
372117,2022-23 Topps Chrome UEFA Club Competitions,,,,,
372118,2022-23 Topps Chrome UEFA Club Competitions,,,,,
348986,2022-23 Topps Deco UEFA Champions League & Europa League,,,,,
352459,2022-23 Topps Deco UEFA Champions League & Europa League,,,,,
352463,2022-23 Topps Deco UEFA Champions League & Europa League,,,,,
352458,2022-23 Topps Deco UEFA Champions League & Europa League,,,,,
352462,2022-23 Topps Deco UEFA Champions League & Europa League,,,,,
352460,2022-23 Topps Deco UEFA Champions League & Europa League,,,,,
352461,2022-23 Topps Deco UEFA Champions League & Europa League,,,,,
337452,2022-23 Topps Match Attax UEFA Champions & Europa Leagues,,,,,
347677,2022-23 Topps Match Attax UEFA Champions & Europa Leagues Extra,,,,,
347839,2022-23 Topps Match Attax UEFA Champions & Europa Leagues Extra,,,,,
389744,2022-23 Topps Real Sociedad Fan Set,,,,,
377425,2022-23 Topps Real Sociedad Team Set,,,,,
389731,2022-23 Topps Real Sociedad Team Set,,,,,
389739,2022-23 Topps Real Sociedad Team Set,,,,,
389743,2022-23 Topps Real Sociedad Team Set,,,,,
389740,2022-23 Topps Real Sociedad Team Set,,,,,
389741,2022-23 Topps Real Sociedad Team Set,,,,,
389742,2022-23 Topps Real Sociedad Team Set,,,,,
389727,2022-23 Topps Real Sociedad Team Set,,,,,
389730,2022-23 Topps Real Sociedad Team Set,,,,,
389728,2022-23 Topps Real Sociedad Team Set,,,,,
389729,2022-23 Topps Real Sociedad Team Set,,,,,
490843,2022-23 Topps Total Football,,,,,
485564,2022-23 Topps Total Football,,,,,
385248,2022-23 Topps Total Football,,,,,
485578,2022-23 Topps Total Football,,,,,
385247,2022-23 Topps Total Football,,,,,
490906,2022-23 Topps Total Football,,,,,
490856,2022-23 Topps Total Football,,,,,
490893,2022-23 Topps Total Football,,,,,
364351,2022-23 Topps UEFA Club Competitions,,,,,
364354,2022-23 Topps UEFA Club Competitions,,,,,
364355,2022-23 Topps UEFA Club Competitions,,,,,
364356,2022-23 Topps UEFA Club Competitions,,,,,
364357,2022-23 Topps UEFA Club Competitions,,,,,
474973,2024-25 Panini Adrenalyn XL La Liga,,,,,
451806,2024-25 Panini Liga Este Stickers,,,,,
448471,2024-25 Panini Megacracks,,,,,
366442,2022-23 Panini Chronicles,,,,,
374566,2022-23 Panini Chronicles,,,,,
374568,2022-23 Panini Chronicles,,,,,
374567,2022-23 Panini Chronicles,,,,,
374569,2022-23 Panini Chronicles,,,,,
374570,2022-23 Panini Chronicles,,,,,
374571,2022-23 Panini Chronicles,,,,,
374563,2022-23 Panini Chronicles,,,,,
374565,2022-23 Panini Chronicles,,,,,
374564,2022-23 Panini Chronicles,,,,,
374562,2022-23 Panini Chronicles,,,,,
345537,2022-23 Panini Prizm Premier League,,,,,
356348,2022-23 Panini Prizm Premier League,,,,,
356355,2022-23 Panini Prizm Premier League,,,,,
356350,2022-23 Panini Prizm Premier League,,,,,
356353,2022-23 Panini Prizm Premier League,,,,,
356354,2022-23 Panini Prizm Premier League,,,,,
356349,2022-23 Panini Prizm Premier League,,,,,
356352,2022-23 Panini Prizm Premier League,,,,,
356351,2022-23 Panini Prizm Premier League,,,,,
356356,2022-23 Panini Prizm Premier League,,,,,
356360,2022-23 Panini Prizm Premier League,,,,,
356361,2022-23 Panini Prizm Premier League,,,,,
356358,2022-23 Panini Prizm Premier League,,,,,
356359,2022-23 Panini Prizm Premier League,,,,,
356357,2022-23 Panini Prizm Premier League,,,,,
356389,2022-23 Panini Prizm Premier League,,,,,
356375,2022-23 Panini Prizm Premier League,,,,,
356379,2022-23 Panini Prizm Premier League,,,,,
356386,2022-23 Panini Prizm Premier League,,,,,
356384,2022-23 Panini Prizm Premier League,,,,,
356385,2022-23 Panini Prizm Premier League,,,,,
356388,2022-23 Panini Prizm Premier League,,,,,
356362,2022-23 Panini Prizm Premier League,,,,,
356363,2022-23 Panini Prizm Premier League,,,,,
356364,2022-23 Panini Prizm Premier League,,,,,
356387,2022-23 Panini Prizm Premier League,,,,,
356365,2022-23 Panini Prizm Premier League,,,,,
356366,2022-23 Panini Prizm Premier League,,,,,
356381,2022-23 Panini Prizm Premier League,,,,,
356374,2022-23 Panini Prizm Premier League,,,,,
356383,2022-23 Panini Prizm Premier League,,,,,
356367,2022-23 Panini Prizm Premier League,,,,,
356368,2022-23 Panini Prizm Premier League,,,,,
356378,2022-23 Panini Prizm Premier League,,,,,
356380,2022-23 Panini Prizm Premier League,,,,,
356369,2022-23 Panini Prizm Premier League,,,,,
356376,2022-23 Panini Prizm Premier League,,,,,
356377,2022-23 Panini Prizm Premier League,,,,,
356370,2022-23 Panini Prizm Premier League,,,,,
356382,2022-23 Panini Prizm Premier League,,,,,
356371,2022-23 Panini Prizm Premier League,,,,,
356372,2022-23 Panini Prizm Premier League,,,,,
356373,2022-23 Panini Prizm Premier League,,,,,
344171,2022-23 Panini Revolution Premier League,,,,,
352120,2022-23 Panini Revolution Premier League,,,,,
352123,2022-23 Panini Revolution Premier League,,,,,
352110,2022-23 Panini Revolution Premier League,,,,,
352111,2022-23 Panini Revolution Premier League,,,,,
352112,2022-23 Panini Revolution Premier League,,,,,
352113,2022-23 Panini Revolution Premier League,,,,,
352114,2022-23 Panini Revolution Premier League,,,,,
352115,2022-23 Panini Revolution Premier League,,,,,
352116,2022-23 Panini Revolution Premier League,,,,,
352121,2022-23 Panini Revolution Premier League,,,,,
352122,2022-23 Panini Revolution Premier League,,,,,
352117,2022-23 Panini Revolution Premier League,,,,,
352119,2022-23 Panini Revolution Premier League,,,,,
354196,2022-23 Panini Select Premier League,,,,,
363444,2022-23 Panini Select Premier League,,,,,
363412,2022-23 Panini Select Premier League,,,,,
363429,2022-23 Panini Select Premier League,,,,,
363413,2022-23 Panini Select Premier League,,,,,
363440,2022-23 Panini Select Premier League,,,,,
363441,2022-23 Panini Select Premier League,,,,,
363442,2022-23 Panini Select Premier League,,,,,
363443,2022-23 Panini Select Premier League,,,,,
363415,2022-23 Panini Select Premier League,,,,,
363417,2022-23 Panini Select Premier League,,,,,
363433,2022-23 Panini Select Premier League,,,,,
363435,2022-23 Panini Select Premier League,,,,,
363419,2022-23 Panini Select Premier League,,,,,
363432,2022-23 Panini Select Premier League,,,,,
363421,2022-23 Panini Select Premier League,,,,,
363439,2022-23 Panini Select Premier League,,,,,
363431,2022-23 Panini Select Premier League,,,,,
363422,2022-23 Panini Select Premier League,,,,,
363423,2022-23 Panini Select Premier League,,,,,
363424,2022-23 Panini Select Premier League,,,,,
363425,2022-23 Panini Select Premier League,,,,,
363426,2022-23 Panini Select Premier League,,,,,
363434,2022-23 Panini Select Premier League,,,,,
363438,2022-23 Panini Select Premier League,,,,,
363436,2022-23 Panini Select Premier League,,,,,
363427,2022-23 Panini Select Premier League,,,,,
363437,2022-23 Panini Select Premier League,,,,,
465532,2024 Panini CONMEBOL Copa America USA Stickers (Made in Brazil),,,,,
383202,2022-23 Finest UEFA Club Competitions,,,,,
380718,2022-23 Finest UEFA Club Competitions,,,,,
380719,2022-23 Finest UEFA Club Competitions,,,,,
380722,2022-23 Finest UEFA Club Competitions,,,,,
380720,2022-23 Finest UEFA Club Competitions,,,,,
380721,2022-23 Finest UEFA Club Competitions,,,,,
380724,2022-23 Finest UEFA Club Competitions,,,,,
380723,2022-23 Finest UEFA Club Competitions,,,,,
380725,2022-23 Finest UEFA Club Competitions,,,,,
380726,2022-23 Finest UEFA Club Competitions,,,,,
380727,2022-23 Finest UEFA Club Competitions,,,,,
380652,2022-23 Finest UEFA Club Competitions,,,,,
380650,2022-23 Finest UEFA Club Competitions,,,,,
380658,2022-23 Finest UEFA Club Competitions,,,,,
380654,2022-23 Finest UEFA Club Competitions,,,,,
380655,2022-23 Finest UEFA Club Competitions,,,,,
380653,2022-23 Finest UEFA Club Competitions,,,,,
380659,2022-23 Finest UEFA Club Competitions,,,,,
380648,2022-23 Finest UEFA Club Competitions,,,,,
380651,2022-23 Finest UEFA Club Competitions,,,,,
380662,2022-23 Finest UEFA Club Competitions,,,,,
380661,2022-23 Finest UEFA Club Competitions,,,,,
380660,2022-23 Finest UEFA Club Competitions,,,,,
387054,2022-23 Finest UEFA Club Competitions,,,,,
380657,2022-23 Finest UEFA Club Competitions,,,,,
380656,2022-23 Finest UEFA Club Competitions,,,,,
380649,2022-23 Finest UEFA Club Competitions,,,,,
380663,2022-23 Finest UEFA Club Competitions,,,,,
369725,2022-23 Topps Chrome UEFA Club Competitions,,,,,
372102,2022-23 Topps Chrome UEFA Club Competitions,,,,,
369727,2022-23 Topps Chrome UEFA Club Competitions,,,,,
369726,2022-23 Topps Chrome UEFA Club Competitions,,,,,
369733,2022-23 Topps Chrome UEFA Club Competitions,,,,,
369728,2022-23 Topps Chrome UEFA Club Competitions,,,,,
369730,2022-23 Topps Chrome UEFA Club Competitions,,,,,
372103,2022-23 Topps Chrome UEFA Club Competitions,,,,,
369731,2022-23 Topps Chrome UEFA Club Competitions,,,,,
369729,2022-23 Topps Chrome UEFA Club Competitions,,,,,
372104,2022-23 Topps Chrome UEFA Club Competitions,,,,,
369732,2022-23 Topps Chrome UEFA Club Competitions,,,,,
369734,2022-23 Topps Chrome UEFA Club Competitions,,,,,
369735,2022-23 Topps Chrome UEFA Club Competitions,,,,,
369573,2022-23 Topps Museum Collection UEFA Champions League,,,,,
369574,2022-23 Topps Museum Collection UEFA Champions League,,,,,
369578,2022-23 Topps Museum Collection UEFA Champions League,,,,,
369576,2022-23 Topps Museum Collection UEFA Champions League,,,,,
369577,2022-23 Topps Museum Collection UEFA Champions League,,,,,
369575,2022-23 Topps Museum Collection UEFA Champions League,,,,,
369608,2022-23 Topps Museum Collection UEFA Champions League,,,,,
369611,2022-23 Topps Museum Collection UEFA Champions League,,,,,
369615,2022-23 Topps Museum Collection UEFA Champions League,,,,,
369613,2022-23 Topps Museum Collection UEFA Champions League,,,,,
369614,2022-23 Topps Museum Collection UEFA Champions League,,,,,
369612,2022-23 Topps Museum Collection UEFA Champions League,,,,,
369610,2022-23 Topps Museum Collection UEFA Champions League,,,,,
369617,2022-23 Topps Museum Collection UEFA Champions League,,,,,
369616,2022-23 Topps Museum Collection UEFA Champions League,,,,,
332563,2022-23 Topps UEFA Champions League Stickers,,,,,
364338,2022-23 Topps UEFA Club Competitions,,,,,
364339,2022-23 Topps UEFA Club Competitions,,,,,
364340,2022-23 Topps UEFA Club Competitions,,,,,
364341,2022-23 Topps UEFA Club Competitions,,,,,
364342,2022-23 Topps UEFA Club Competitions,,,,,
364343,2022-23 Topps UEFA Club Competitions,,,,,
364344,2022-23 Topps UEFA Club Competitions,,,,,
502936,2024-25 Panini Liga Este Stickers,,,,,
450658,2024-25 Topps Now UEFA Club Competitions,,,,,
450665,2024-25 Topps Now UEFA Club Competitions,,,,,
450661,2024-25 Topps Now UEFA Club Competitions,,,,,
450664,2024-25 Topps Now UEFA Club Competitions,,,,,
467822,2024-25 Donruss,,,,,
483195,2024-25 Donruss,,,,,
483190,2024-25 Donruss,,,,,
483186,2024-25 Donruss,,,,,
483182,2024-25 Donruss,,,,,
483183,2024-25 Donruss,,,,,
483193,2024-25 Donruss,,,,,
483194,2024-25 Donruss,,,,,
488528,2024-25 Donruss,,,,,
488529,2024-25 Donruss,,,,,
488530,2024-25 Donruss,,,,,
483196,2024-25 Donruss,,,,,
483197,2024-25 Donruss,,,,,
483211,2024-25 Donruss,,,,,
483212,2024-25 Donruss,,,,,
483203,2024-25 Donruss,,,,,
483209,2024-25 Donruss,,,,,
483208,2024-25 Donruss,,,,,
483213,2024-25 Donruss,,,,,
483210,2024-25 Donruss,,,,,
483198,2024-25 Donruss,,,,,
483199,2024-25 Donruss,,,,,
483206,2024-25 Donruss,,,,,
483204,2024-25 Donruss,,,,,
483200,2024-25 Donruss,,,,,
483207,2024-25 Donruss,,,,,
483202,2024-25 Donruss,,,,,
483205,2024-25 Donruss,,,,,
483201,2024-25 Donruss,,,,,
483187,2024-25 Donruss,,,,,
483191,2024-25 Donruss,,,,,
483192,2024-25 Donruss,,,,,
483189,2024-25 Donruss,,,,,
483188,2024-25 Donruss,,,,,
487632,2024-25 Donruss,,,,,
487684,2024-25 Donruss,,,,,
487683,2024-25 Donruss,,,,,
487682,2024-25 Donruss,,,,,
487680,2024-25 Donruss,,,,,
487681,2024-25 Donruss,,,,,
483184,2024-25 Donruss,,,,,
483185,2024-25 Donruss,,,,,
487633,2024-25 Donruss,,,,,
487689,2024-25 Donruss,,,,,
487688,2024-25 Donruss,,,,,
487687,2024-25 Donruss,,,,,
487685,2024-25 Donruss,,,,,
487686,2024-25 Donruss,,,,,
451809,2024-25 Panini Liga Este Stickers,,,,,
499982,2024-25 Topps Summer Signings Here We Go By Fabrizio Romano UEFA Club Competitions,,,,,
499993,2024-25 Topps Summer Signings Here We Go By Fabrizio Romano UEFA Club Competitions,,,,,
499997,2024-25 Topps Summer Signings Here We Go By Fabrizio Romano UEFA Club Competitions,,,,,
499991,2024-25 Topps Summer Signings Here We Go By Fabrizio Romano UEFA Club Competitions,,,,,
499996,2024-25 Topps Summer Signings Here We Go By Fabrizio Romano UEFA Club Competitions,,,,,
499992,2024-25 Topps Summer Signings Here We Go By Fabrizio Romano UEFA Club Competitions,,,,,
499994,2024-25 Topps Summer Signings Here We Go By Fabrizio Romano UEFA Club Competitions,,,,,
499995,2024-25 Topps Summer Signings Here We Go By Fabrizio Romano UEFA Club Competitions,,,,,
458023,2024-25 Topps Total Football,,,,,
458029,2024-25 Topps Total Football,,,,,
458027,2024-25 Topps Total Football,,,,,
458031,2024-25 Topps Total Football,,,,,
458026,2024-25 Topps Total Football,,,,,
458028,2024-25 Topps Total Football,,,,,
458030,2024-25 Topps Total Football,,,,,
475850,2023-24 Panini Foot Stickers,,,,,
420149,2023-24 Score Ligue 1,,,,,
424149,2023-24 Score Ligue 1,,,,,
424155,2023-24 Score Ligue 1,,,,,
424145,2023-24 Score Ligue 1,,,,,
424151,2023-24 Score Ligue 1,,,,,
424154,2023-24 Score Ligue 1,,,,,
424148,2023-24 Score Ligue 1,,,,,
424144,2023-24 Score Ligue 1,,,,,
424146,2023-24 Score Ligue 1,,,,,
424152,2023-24 Score Ligue 1,,,,,
424147,2023-24 Score Ligue 1,,,,,
424150,2023-24 Score Ligue 1,,,,,
424143,2023-24 Score Ligue 1,,,,,
424153,2023-24 Score Ligue 1,,,,,
387869,2023-24 Panini Adrenalyn XL Ligue 1,,,,,
490061,2023-24 Topps Bundesliga 60 Years Celebration,,,,,
479611,2023-24 Topps Bundesliga 60 Years Celebration,,,,,
479612,2023-24 Topps Bundesliga 60 Years Celebration,,,,,
480628,2023-24 Topps Bundesliga 60 Years Celebration,,,,,
480624,2023-24 Topps Bundesliga 60 Years Celebration,,,,,
480630,2023-24 Topps Bundesliga 60 Years Celebration,,,,,
480625,2023-24 Topps Bundesliga 60 Years Celebration,,,,,
480626,2023-24 Topps Bundesliga 60 Years Celebration,,,,,
480627,2023-24 Topps Bundesliga 60 Years Celebration,,,,,
480629,2023-24 Topps Bundesliga 60 Years Celebration,,,,,
468993,2023-24 Topps Bundesliga Jade Edition,,,,,
480495,2023-24 Topps Bundesliga Jade Edition,,,,,
480498,2023-24 Topps Bundesliga Jade Edition,,,,,
480496,2023-24 Topps Bundesliga Jade Edition,,,,,
480497,2023-24 Topps Bundesliga Jade Edition,,,,,
480470,2023-24 Topps Bundesliga Jade Edition,,,,,
480469,2023-24 Topps Bundesliga Jade Edition,,,,,
480476,2023-24 Topps Bundesliga Jade Edition,,,,,
480472,2023-24 Topps Bundesliga Jade Edition,,,,,
480473,2023-24 Topps Bundesliga Jade Edition,,,,,
480468,2023-24 Topps Bundesliga Jade Edition,,,,,
480474,2023-24 Topps Bundesliga Jade Edition,,,,,
480475,2023-24 Topps Bundesliga Jade Edition,,,,,
480471,2023-24 Topps Bundesliga Jade Edition,,,,,
412451,2023-24 Topps Bundesliga Stickers,,,,,
427039,2023-24 Topps Chrome Bundesliga,,,,,
441032,2023-24 Topps Chrome Bundesliga,,,,,
444569,2023-24 Topps Chrome Bundesliga,,,,,
478073,2023-24 Topps Chrome Bundesliga,,,,,
444570,2023-24 Topps Chrome Bundesliga,,,,,
444571,2023-24 Topps Chrome Bundesliga,,,,,
444572,2023-24 Topps Chrome Bundesliga,,,,,
444618,2023-24 Topps Chrome Bundesliga,,,,,
444620,2023-24 Topps Chrome Bundesliga,,,,,
444619,2023-24 Topps Chrome Bundesliga,,,,,
444621,2023-24 Topps Chrome Bundesliga,,,,,
444622,2023-24 Topps Chrome Bundesliga,,,,,
444550,2023-24 Topps Chrome Bundesliga,,,,,
444549,2023-24 Topps Chrome Bundesliga,,,,,
441035,2023-24 Topps Chrome Bundesliga,,,,,
444562,2023-24 Topps Chrome Bundesliga,,,,,
444553,2023-24 Topps Chrome Bundesliga,,,,,
444554,2023-24 Topps Chrome Bundesliga,,,,,
444559,2023-24 Topps Chrome Bundesliga,,,,,
444593,2023-24 Topps Chrome Bundesliga,,,,,
444560,2023-24 Topps Chrome Bundesliga,,,,,
450581,2023-24 Topps Chrome Bundesliga,,,,,
444556,2023-24 Topps Chrome Bundesliga,,,,,
444555,2023-24 Topps Chrome Bundesliga,,,,,
444546,2023-24 Topps Chrome Bundesliga,,,,,
444561,2023-24 Topps Chrome Bundesliga,,,,,
444557,2023-24 Topps Chrome Bundesliga,,,,,
444558,2023-24 Topps Chrome Bundesliga,,,,,
444552,2023-24 Topps Chrome Bundesliga,,,,,
441034,2023-24 Topps Chrome Bundesliga,,,,,
444547,2023-24 Topps Chrome Bundesliga,,,,,
444548,2023-24 Topps Chrome Bundesliga,,,,,
444563,2023-24 Topps Chrome Bundesliga,,,,,
441033,2023-24 Topps Chrome Bundesliga,,,,,
444564,2023-24 Topps Chrome Bundesliga,,,,,
441028,2023-24 Topps Chrome Bundesliga,,,,,
444565,2023-24 Topps Chrome Bundesliga,,,,,
444566,2023-24 Topps Chrome Bundesliga,,,,,
444567,2023-24 Topps Chrome Bundesliga,,,,,
444568,2023-24 Topps Chrome Bundesliga,,,,,
441030,2023-24 Topps Chrome Bundesliga,,,,,
444600,2023-24 Topps Chrome Bundesliga,,,,,
444605,2023-24 Topps Chrome Bundesliga,,,,,
444607,2023-24 Topps Chrome Bundesliga,,,,,
444603,2023-24 Topps Chrome Bundesliga,,,,,
444602,2023-24 Topps Chrome Bundesliga,,,,,
444601,2023-24 Topps Chrome Bundesliga,,,,,
444604,2023-24 Topps Chrome Bundesliga,,,,,
444606,2023-24 Topps Chrome Bundesliga,,,,,
444608,2023-24 Topps Chrome Bundesliga,,,,,
444611,2023-24 Topps Chrome Bundesliga,,,,,
444609,2023-24 Topps Chrome Bundesliga,,,,,
444610,2023-24 Topps Chrome Bundesliga,,,,,
444612,2023-24 Topps Chrome Bundesliga,,,,,
444613,2023-24 Topps Chrome Bundesliga,,,,,
444551,2023-24 Topps Chrome Bundesliga,,,,,
440930,2023-24 Topps Chrome Sapphire Edition Bundesliga,,,,,
449811,2023-24 Topps Chrome Sapphire Edition Bundesliga,,,,,
449812,2023-24 Topps Chrome Sapphire Edition Bundesliga,,,,,
449814,2023-24 Topps Chrome Sapphire Edition Bundesliga,,,,,
449813,2023-24 Topps Chrome Sapphire Edition Bundesliga,,,,,
449792,2023-24 Topps Chrome Sapphire Edition Bundesliga,,,,,
449790,2023-24 Topps Chrome Sapphire Edition Bundesliga,,,,,
449802,2023-24 Topps Chrome Sapphire Edition Bundesliga,,,,,
449801,2023-24 Topps Chrome Sapphire Edition Bundesliga,,,,,
449797,2023-24 Topps Chrome Sapphire Edition Bundesliga,,,,,
449791,2023-24 Topps Chrome Sapphire Edition Bundesliga,,,,,
449794,2023-24 Topps Chrome Sapphire Edition Bundesliga,,,,,
449793,2023-24 Topps Chrome Sapphire Edition Bundesliga,,,,,
440932,2023-24 Topps Chrome Sapphire Edition Bundesliga,,,,,
440938,2023-24 Topps Chrome Sapphire Edition Bundesliga,,,,,
440939,2023-24 Topps Chrome Sapphire Edition Bundesliga,,,,,
440940,2023-24 Topps Chrome Sapphire Edition Bundesliga,,,,,
440941,2023-24 Topps Chrome Sapphire Edition Bundesliga,,,,,
440935,2023-24 Topps Chrome Sapphire Edition Bundesliga,,,,,
440933,2023-24 Topps Chrome Sapphire Edition Bundesliga,,,,,
440934,2023-24 Topps Chrome Sapphire Edition Bundesliga,,,,,
440936,2023-24 Topps Chrome Sapphire Edition Bundesliga,,,,,
440937,2023-24 Topps Chrome Sapphire Edition Bundesliga,,,,,
390667,2023-24 Topps Match Attax Bundesliga,,,,,
395277,2023-24 Topps Match Attax Bundesliga,,,,,
462427,2023-24 Topps Midnight Bundesliga,,,,,
462503,2023-24 Topps Midnight Bundesliga,,,,,
462502,2023-24 Topps Midnight Bundesliga,,,,,
462493,2023-24 Topps Midnight Bundesliga,,,,,
463592,2023-24 Topps Midnight Bundesliga,,,,,
463593,2023-24 Topps Midnight Bundesliga,,,,,
463594,2023-24 Topps Midnight Bundesliga,,,,,
463597,2023-24 Topps Midnight Bundesliga,,,,,
463595,2023-24 Topps Midnight Bundesliga,,,,,
463596,2023-24 Topps Midnight Bundesliga,,,,,
462501,2023-24 Topps Midnight Bundesliga,,,,,
462497,2023-24 Topps Midnight Bundesliga,,,,,
462498,2023-24 Topps Midnight Bundesliga,,,,,
416928,2023 Finest Road to UEFA EURO 2024,,,,,
418656,2023 Finest Road to UEFA EURO 2024,,,,,
418655,2023 Finest Road to UEFA EURO 2024,,,,,
418661,2023 Finest Road to UEFA EURO 2024,,,,,
418659,2023 Finest Road to UEFA EURO 2024,,,,,
418658,2023 Finest Road to UEFA EURO 2024,,,,,
418657,2023 Finest Road to UEFA EURO 2024,,,,,
418663,2023 Finest Road to UEFA EURO 2024,,,,,
418666,2023 Finest Road to UEFA EURO 2024,,,,,
418665,2023 Finest Road to UEFA EURO 2024,,,,,
418664,2023 Finest Road to UEFA EURO 2024,,,,,
418654,2023 Finest Road to UEFA EURO 2024,,,,,
418662,2023 Finest Road to UEFA EURO 2024,,,,,
418660,2023 Finest Road to UEFA EURO 2024,,,,,
418667,2023 Finest Road to UEFA EURO 2024,,,,,
421836,2023 Topps Pristine Road To Euro 2024,,,,,
432845,2023 Topps Pristine Road To Euro 2024,,,,,
432847,2023 Topps Pristine Road To Euro 2024,,,,,
432843,2023 Topps Pristine Road To Euro 2024,,,,,
432849,2023 Topps Pristine Road To Euro 2024,,,,,
432853,2023 Topps Pristine Road To Euro 2024,,,,,
432846,2023 Topps Pristine Road To Euro 2024,,,,,
432848,2023 Topps Pristine Road To Euro 2024,,,,,
432850,2023 Topps Pristine Road To Euro 2024,,,,,
432855,2023 Topps Pristine Road To Euro 2024,,,,,
509867,2023 Topps Pristine Road To Euro 2024,,,,,
432852,2023 Topps Pristine Road To Euro 2024,,,,,
432844,2023 Topps Pristine Road To Euro 2024,,,,,
432851,2023 Topps Pristine Road To Euro 2024,,,,,
432842,2023 Topps Pristine Road To Euro 2024,,,,,
432854,2023 Topps Pristine Road To Euro 2024,,,,,
